STATION,NAME,LATITUDE,LONGITUDE,ELEVATION,DATE,DAPR,EVAP,MDPR,MNPN,MXPN,PRCP,SNOW,SNWD,TAVG,TMAX,TMIN,TOBS,WESD,WESF,WT01,WT03,WT04,WT05,WT11
USC00427064,"PROVO BYU, UT US",40.2458,-111.6508,1392.9,5/1/2017,,,,,,0,0,0,,18.9,7.2,13.3,,,,,,,
USC00427064,"PROVO BYU, UT US",40.2458,-111.6508,1392.9,5/2/2017,,,,,,0,0,0,,19.4,7.8,17.8,,,,,,,
USC00427064,"PROVO BYU, UT US",40.2458,-111.6508,1392.9,5/3/2017,,,,,,0,0,0,,21.7,4.4,21.1,,,,,,,
USC00427064,"PROVO BYU, UT US",40.2458,-111.6508,1392.9,5/4/2017,,,,,,0,0,0,,26.7,6.7,26.7,,,,,,,
USC00427064,"PROVO BYU, UT US",40.2458,-111.6508,1392.9,5/5/2017,,,,,,0,0,0,,31.7,8.9,30.6,,,,,,,
USC00427064,"PROVO BYU, UT US",40.2458,-111.6508,1392.9,5/6/2017,,,,,,1.8,0,0,,30.6,15,21.1,,,,,,,
USC00427064,"PROVO BYU, UT US",40.2458,-111.6508,1392.9,5/7/2017,,,,,,0,0,0,,27.2,18.9,25,,,,,,,
USC00427064,"PROVO BYU, UT US",40.2458,-111.6508,1392.9,5/8/2017,,,,,,0,0,0,,25.6,12.2,22.2,,,,,,,
USC00427064,"PROVO BYU, UT US",40.2458,-111.6508,1392.9,5/9/2017,,,,,,0,0,0,,25.6,9.4,23.9,,,,,,,
USC00427064,"PROVO BYU, UT US",40.2458,-111.6508,1392.9,5/10/2017,,,,,,0,0,0,,25,10.6,23.9,,,,,,,
USC00427064,"PROVO BYU, UT US",40.2458,-111.6508,1392.9,5/11/2017,,,,,,0,0,0,,27.8,10,27.2,,,,,,,
USC00427064,"PROVO BYU, UT US",40.2458,-111.6508,1392.9,5/12/2017,,,,,,0,0,0,,30.6,11.7,29.4,,,,,,,
USC00427064,"PROVO BYU, UT US",40.2458,-111.6508,1392.9,5/13/2017,,,,,,0,0,0,,29.4,8.3,16.1,,,,,,,
USC00427064,"PROVO BYU, UT US",40.2458,-111.6508,1392.9,5/14/2017,,6.9,,9.4,26.1,0,0,0,,23.3,5,21.1,,,,,,,
USC00427064,"PROVO BYU, UT US",40.2458,-111.6508,1392.9,5/15/2017,,3.8,,12.2,25,0,0,0,,22.2,10,20,,,,,,,
USC00427064,"PROVO BYU, UT US",40.2458,-111.6508,1392.9,5/16/2017,,5.1,,11.7,25,0.8,0,0,,20,9.4,18.3,,,,,,,
USC00427064,"PROVO BYU, UT US",40.2458,-111.6508,1392.9,5/17/2017,,4.1,,9.4,24.4,7.4,0,0,,18.9,2.2,7.2,,,,,,,
USC00427064,"PROVO BYU, UT US",40.2458,-111.6508,1392.9,5/18/2017,,2.8,,6.1,16.1,0,0,0,,11.7,2.2,9.4,,,,,,,
USC00427064,"PROVO BYU, UT US",40.2458,-111.6508,1392.9,5/19/2017,,2.5,,7.8,19.4,0,0,0,,16.1,5,13.9,,,,,,,
USC00427064,"PROVO BYU, UT US",40.2458,-111.6508,1392.9,5/20/2017,,4.6,,7.8,27.2,0,0,0,,21.7,3.9,21.1,,,,,,,
USC00427064,"PROVO BYU, UT US",40.2458,-111.6508,1392.9,5/21/2017,,0,,12.8,27.2,3.3,0,0,,21.1,10,18.3,,,,,,,
USC00427064,"PROVO BYU, UT US",40.2458,-111.6508,1392.9,5/22/2017,,5.3,,11.7,28.9,0,0,0,,23.9,7.2,23.3,,,,,,,
USC00427064,"PROVO BYU, UT US",40.2458,-111.6508,1392.9,5/23/2017,,6.1,,13.3,30.6,0,0,0,,28.3,10,27.2,,,,,,,
USC00427064,"PROVO BYU, UT US",40.2458,-111.6508,1392.9,5/24/2017,,6.9,,14.4,30.6,0,0,0,,31.1,10,27.2,,,,,,,
USC00427064,"PROVO BYU, UT US",40.2458,-111.6508,1392.9,5/25/2017,,7.4,,15.6,28.9,0,0,0,,27.2,13.9,20.6,,,,,,,
USC00427064,"PROVO BYU, UT US",40.2458,-111.6508,1392.9,5/26/2017,,5.6,,14.4,27.8,0,0,0,,21.7,12.8,18.9,,,,,,,
USC00427064,"PROVO BYU, UT US",40.2458,-111.6508,1392.9,5/27/2017,,6.1,,11.1,28.9,0,0,0,,22.8,8.3,21.7,,,,,,,
USC00427064,"PROVO BYU, UT US",40.2458,-111.6508,1392.9,5/28/2017,,6.6,,12.8,30.6,0,0,0,,26.7,7.8,25.6,,,,,,,
USC00427064,"PROVO BYU, UT US",40.2458,-111.6508,1392.9,5/29/2017,,6.9,,13.9,31.7,0,0,0,,28.9,10,27.8,,,,,,,
USC00427064,"PROVO BYU, UT US",40.2458,-111.6508,1392.9,5/30/2017,,7.4,,14.4,31.7,0,0,0,,31.1,11.1,29.4,,,,,,,
USC00427064,"PROVO BYU, UT US",40.2458,-111.6508,1392.9,5/31/2017,,7.1,,15.6,30.6,0,0,0,,31.7,12.8,28.9,,,,,,,
USC00427064,"PROVO BYU, UT US",40.2458,-111.6508,1392.9,6/1/2017,,5.6,,16.1,29.4,0,0,0,,30.6,15.6,21.1,,,,,,,
USC00427064,"PROVO BYU, UT US",40.2458,-111.6508,1392.9,6/2/2017,,6.9,,15,32.8,0,0,0,,28.3,12.8,27.2,,,,,,,
USC00427064,"PROVO BYU, UT US",40.2458,-111.6508,1392.9,6/3/2017,,7.1,,15,33.9,0,0,0,,32.8,11.1,31.7,,,,,,,
USC00427064,"PROVO BYU, UT US",40.2458,-111.6508,1392.9,6/4/2017,,7.6,,18.3,33.9,0,0,0,,35.6,15.6,34.4,,,,,,,
USC00427064,"PROVO BYU, UT US",40.2458,-111.6508,1392.9,6/5/2017,,8.1,,18.3,34.4,0,0,0,,34.4,17.8,30,,,,,,,
USC00427064,"PROVO BYU, UT US",40.2458,-111.6508,1392.9,6/6/2017,,7.6,,17.8,35,0,0,0,,34.4,14.4,33.9,,,,,,,
USC00427064,"PROVO BYU, UT US",40.2458,-111.6508,1392.9,6/7/2017,,8.9,,17.8,35,0,0,0,,35.6,16.7,35,,,,,,,
USC00427064,"PROVO BYU, UT US",40.2458,-111.6508,1392.9,6/8/2017,,9.4,,16.7,33.9,0,0,0,,35.6,13.3,32.8,,,,,,,
USC00427064,"PROVO BYU, UT US",40.2458,-111.6508,1392.9,6/9/2017,,11.4,,15.6,32.2,0,0,0,,33.9,17.2,30,,,,,,,
USC00427064,"PROVO BYU, UT US",40.2458,-111.6508,1392.9,6/10/2017,,7.6,,15,32.8,0,0,0,,31.7,13.3,26.7,,,,,,,
USC00427064,"PROVO BYU, UT US",40.2458,-111.6508,1392.9,6/11/2017,,7.6,,16.1,32.2,0,0,0,,31.1,13.9,28.9,,,,,,,
USC00427064,"PROVO BYU, UT US",40.2458,-111.6508,1392.9,6/12/2017,,6.6,,14.4,28.9,0,0,0,,31.1,13.3,19.4,,,,,,,
USC00427064,"PROVO BYU, UT US",40.2458,-111.6508,1392.9,6/13/2017,,2.8,,11.7,25,2,0,0,,22.2,8.9,21.1,,,,,,,
USC00427064,"PROVO BYU, UT US",40.2458,-111.6508,1392.9,6/14/2017,,6.1,,13.3,32.2,0,0,0,,27.8,9.4,27.2,,,,,,,
USC00427064,"PROVO BYU, UT US",40.2458,-111.6508,1392.9,6/15/2017,,7.6,,15.6,32.8,0,0,0,,32.8,11.7,31.1,,,,,,,
USC00427064,"PROVO BYU, UT US",40.2458,-111.6508,1392.9,6/16/2017,,8.4,,17.2,35,0,0,0,,33.3,13.9,32.2,,,,,,,
USC00427064,"PROVO BYU, UT US",40.2458,-111.6508,1392.9,6/17/2017,,7.6,,18.9,35,0,0,0,,33.3,14.4,27.2,,,,,,,
USC00427064,"PROVO BYU, UT US",40.2458,-111.6508,1392.9,6/18/2017,,7.1,,17.2,33.9,0,0,0,,30.6,18.3,29.4,,,,,,,
USC00427064,"PROVO BYU, UT US",40.2458,-111.6508,1392.9,6/19/2017,,6.9,,17.8,36.1,0,0,0,,35,16.7,35,,,,,,,
USC00427064,"PROVO BYU, UT US",40.2458,-111.6508,1392.9,6/20/2017,,8.6,,20,36.1,0,0,0,,37.8,18.3,33.3,,,,,,,
USC00427064,"PROVO BYU, UT US",40.2458,-111.6508,1392.9,6/21/2017,,7.6,,18.9,35.6,0,0,0,,38.3,16.7,37.2,,,,,,,
USC00427064,"PROVO BYU, UT US",40.2458,-111.6508,1392.9,6/22/2017,,9.9,,20.6,35,0,0,0,,37.2,18.9,31.7,,,,,,,
USC00427064,"PROVO BYU, UT US",40.2458,-111.6508,1392.9,6/23/2017,,8.4,,16.1,33.9,0,0,0,,31.7,12.8,30.6,,,,,,,
USC00427064,"PROVO BYU, UT US",40.2458,-111.6508,1392.9,6/24/2017,,9.1,,15.6,34.4,0,0,0,,32.8,12.2,32.2,,,,,,,
USC00427064,"PROVO BYU, UT US",40.2458,-111.6508,1392.9,6/25/2017,,7.6,,16.7,35.6,0,0,0,,35,13.3,35,,,,,,,
USC00427064,"PROVO BYU, UT US",40.2458,-111.6508,1392.9,6/26/2017,,7.6,,18.3,35,0,0,0,,36.7,15.6,35.6,,,,,,,
USC00427064,"PROVO BYU, UT US",40.2458,-111.6508,1392.9,6/27/2017,,8.4,,17.8,34.4,0,0,0,,36.1,16.7,32.2,,,,,,,
USC00427064,"PROVO BYU, UT US",40.2458,-111.6508,1392.9,6/28/2017,,8.6,,17.2,33.9,0,0,0,,33.9,14.4,31.7,,,,,,,
USC00427064,"PROVO BYU, UT US",40.2458,-111.6508,1392.9,6/29/2017,,7.6,,17.2,33.3,0,0,0,,31.7,14.4,29.4,,,,,,,
USC00427064,"PROVO BYU, UT US",40.2458,-111.6508,1392.9,6/30/2017,,8.6,,15.6,33.9,0,0,0,,30.6,12.8,29.4,,,,,,,
USC00427064,"PROVO BYU, UT US",40.2458,-111.6508,1392.9,7/1/2017,,8.9,,16.7,35,0,0,0,,35,13.3,34.4,,,,,,,
USC00427064,"PROVO BYU, UT US",40.2458,-111.6508,1392.9,7/2/2017,,7.6,,19.4,35,0,0,0,,36.1,17.2,32.2,,,,,,,
USC00427064,"PROVO BYU, UT US",40.2458,-111.6508,1392.9,7/3/2017,,8.1,,18.9,35.6,0,0,0,,36.7,17.8,36.7,,,,,,,
USC00427064,"PROVO BYU, UT US",40.2458,-111.6508,1392.9,7/4/2017,,9.1,,19.4,36.7,0,0,0,,38.3,17.2,37.8,,,,,,,
USC00427064,"PROVO BYU, UT US",40.2458,-111.6508,1392.9,7/5/2017,,9.1,,20,36.7,0,0,0,,37.8,18.3,34.4,,,,,,,
USC00427064,"PROVO BYU, UT US",40.2458,-111.6508,1392.9,7/6/2017,,7.6,,18.9,36.7,0,0,0,,40,18.3,38.3,,,,,,,
USC00427064,"PROVO BYU, UT US",40.2458,-111.6508,1392.9,7/7/2017,,8.9,,21.7,36.7,0,0,0,,38.9,21.1,37.2,,,,,,,
USC00427064,"PROVO BYU, UT US",40.2458,-111.6508,1392.9,7/8/2017,,9.4,,20.6,37.2,0,0,0,,38.9,18.9,36.1,,,,,,,
USC00427064,"PROVO BYU, UT US",40.2458,-111.6508,1392.9,7/9/2017,,8.9,,21.1,37.2,0,0,0,,38.3,20,33.9,,,,,,,
USC00427064,"PROVO BYU, UT US",40.2458,-111.6508,1392.9,7/10/2017,,7.6,,22.2,35,0,0,0,,33.9,21.7,32.2,,,,,,,
USC00427064,"PROVO BYU, UT US",40.2458,-111.6508,1392.9,7/11/2017,,7.6,,21.1,34.4,0,0,0,,33.9,21.1,29.4,,,,,,,
USC00427064,"PROVO BYU, UT US",40.2458,-111.6508,1392.9,7/12/2017,,6.9,,19.4,34.4,0,0,0,,35,18.3,32.2,,,,,,,
USC00427064,"PROVO BYU, UT US",40.2458,-111.6508,1392.9,7/13/2017,,7.9,,20,36.1,0,0,0,,36.1,17.2,31.1,,,,,,,
USC00427064,"PROVO BYU, UT US",40.2458,-111.6508,1392.9,7/14/2017,,7.6,,20,35,0,0,0,,35.6,17.8,34.4,,,,,,,
USC00427064,"PROVO BYU, UT US",40.2458,-111.6508,1392.9,7/15/2017,,8.6,,20.6,37.2,0,0,0,,37.8,18.3,37.2,,,,,,,
USC00427064,"PROVO BYU, UT US",40.2458,-111.6508,1392.9,7/16/2017,,9.1,,21.7,36.7,0,0,0,,37.8,20,33.3,,,,,,,
USC00427064,"PROVO BYU, UT US",40.2458,-111.6508,1392.9,7/17/2017,,7.4,,20,36.7,0,0,0,,37.8,18.9,35,,,,,,,
USC00427064,"PROVO BYU, UT US",40.2458,-111.6508,1392.9,7/18/2017,,7.6,,20.6,37.2,0,0,0,,38.3,18.9,36.7,,,,,,,
USC00427064,"PROVO BYU, UT US",40.2458,-111.6508,1392.9,7/19/2017,,7.4,,22.8,36.1,0.3,0,0,,36.7,22.2,26.1,,,,,,,
USC00427064,"PROVO BYU, UT US",40.2458,-111.6508,1392.9,7/20/2017,,3.8,,20.6,33.9,0.8,0,0,,34.4,18.3,32.8,,,,,,,
USC00427064,"PROVO BYU, UT US",40.2458,-111.6508,1392.9,7/21/2017,,7.6,,21.7,36.7,0,0,0,,35.6,20,32.2,,,,,,,
USC00427064,"PROVO BYU, UT US",40.2458,-111.6508,1392.9,7/22/2017,,6.6,,21.1,35,0,0,0,,35.6,18.9,31.7,,,,,,,
USC00427064,"PROVO BYU, UT US",40.2458,-111.6508,1392.9,7/23/2017,,6.1,,21.1,33.9,0,0,0,,35.6,18.3,30,,,,,,,
USC00427064,"PROVO BYU, UT US",40.2458,-111.6508,1392.9,7/24/2017,,8.4,,20.6,35.6,0,0,0,,36.7,19.4,35,,,,,,,
USC00427064,"PROVO BYU, UT US",40.2458,-111.6508,1392.9,7/25/2017,,3.3,,22.2,35.6,4.1,0,0,,35.6,18.9,26.1,,,,,,,
USC00427064,"PROVO BYU, UT US",40.2458,-111.6508,1392.9,7/26/2017,,7.9,,20.6,36.1,1.8,0,0,,32.2,17.8,32.2,,,,,,,
USC00427064,"PROVO BYU, UT US",40.2458,-111.6508,1392.9,7/27/2017,,4.8,,20.6,36.1,0.3,0,0,,33.9,17.2,33.3,,,,,,,
USC00427064,"PROVO BYU, UT US",40.2458,-111.6508,1392.9,7/28/2017,,6.1,,21.7,35,1.3,0,0,,33.3,18.9,30.6,,,,,,,
USC00427064,"PROVO BYU, UT US",40.2458,-111.6508,1392.9,7/29/2017,,8.9,,19.4,35.6,0,0,0,,35.6,16.7,34.4,,,,,,,
USC00427064,"PROVO BYU, UT US",40.2458,-111.6508,1392.9,7/30/2017,,3.8,,18.9,36.1,0,0,0,,35.6,16.1,34.4,,,,,,,
USC00427064,"PROVO BYU, UT US",40.2458,-111.6508,1392.9,7/31/2017,,8.1,,20,36.1,0,0,0,,36.7,17.8,35,,,,,,,
USC00427064,"PROVO BYU, UT US",40.2458,-111.6508,1392.9,8/1/2017,,9.7,,20,36.7,0,0,0,,37.8,17.8,37.2,,,,,,,
USC00427064,"PROVO BYU, UT US",40.2458,-111.6508,1392.9,8/2/2017,,7.9,,20.6,35.6,0,0,0,,37.2,18.3,35.6,,,,,,,
USC00427064,"PROVO BYU, UT US",40.2458,-111.6508,1392.9,8/3/2017,,7.1,,20.6,36.1,0,0,0,,37.2,20.6,31.7,,,,,,,
USC00427064,"PROVO BYU, UT US",40.2458,-111.6508,1392.9,8/4/2017,,7.1,,20,34.4,0,0,0,,35,18.9,33.3,,,,,,,
USC00427064,"PROVO BYU, UT US",40.2458,-111.6508,1392.9,8/5/2017,,6.9,,20.6,35.6,0,0,0,,33.9,19.4,33.9,,,,,,,
USC00427064,"PROVO BYU, UT US",40.2458,-111.6508,1392.9,8/6/2017,,7.1,,19.4,34.4,0,0,0,,33.9,17.8,25.6,,,,,,,
USC00427064,"PROVO BYU, UT US",40.2458,-111.6508,1392.9,8/7/2017,,4.8,,18.3,30.6,0,0,0,,29.4,16.7,27.8,,,,,,,
USC00427064,"PROVO BYU, UT US",40.2458,-111.6508,1392.9,8/8/2017,,5.8,,19.4,32.8,0,0,0,,30.6,18.3,28.9,,,,,,,
USC00427064,"PROVO BYU, UT US",40.2458,-111.6508,1392.9,8/9/2017,,4.8,,18.9,32.8,0,0,0,,32.2,17.2,28.9,,,,,,,
USC00427064,"PROVO BYU, UT US",40.2458,-111.6508,1392.9,8/10/2017,,6.4,,18.3,34.4,2,0,0,,32.2,17.2,29.4,,,,,,,
USC00427064,"PROVO BYU, UT US",40.2458,-111.6508,1392.9,8/11/2017,,7.6,,18.9,35,0,0,0,,34.4,17.2,33.3,,,,,,,
USC00427064,"PROVO BYU, UT US",40.2458,-111.6508,1392.9,8/12/2017,,7.4,,19.4,34.4,0,0,0,,34.4,17.8,32.2,,,,,,,
USC00427064,"PROVO BYU, UT US",40.2458,-111.6508,1392.9,8/13/2017,,4.8,,18.9,33.3,2.3,0,0,,34.4,18.9,32.2,,,,,,,
USC00427064,"PROVO BYU, UT US",40.2458,-111.6508,1392.9,8/14/2017,,8.1,,20,32.8,0,0,0,,33.3,19.4,27.2,,,,,,,
USC00427064,"PROVO BYU, UT US",40.2458,-111.6508,1392.9,8/15/2017,,6.4,,17.8,30.6,0,0,0,,28.3,16.7,27.8,,,,,,,
USC00427064,"PROVO BYU, UT US",40.2458,-111.6508,1392.9,8/16/2017,,3.8,,16.1,32.8,0,0,0,,31.7,12.8,28.3,,,,,,,
USC00427064,"PROVO BYU, UT US",40.2458,-111.6508,1392.9,8/17/2017,,8.9,,17.2,33.3,0,0,0,,33.3,13.9,32.2,,,,,,,
USC00427064,"PROVO BYU, UT US",40.2458,-111.6508,1392.9,8/18/2017,,5.6,,18.3,33.9,0,0,0,,35,15,33.3,,,,,,,
USC00427064,"PROVO BYU, UT US",40.2458,-111.6508,1392.9,8/19/2017,,7.1,,18.3,32.8,0,0,0,,34.4,15,32.8,,,,,,,
USC00427064,"PROVO BYU, UT US",40.2458,-111.6508,1392.9,8/20/2017,,8.9,,18.9,34.4,0,0,0,,35.6,17.8,35,,,,,,,
USC00427064,"PROVO BYU, UT US",40.2458,-111.6508,1392.9,8/21/2017,,2.5,,18.9,33.3,0,0,0,,35,16.7,30,,,,,,,
USC00427064,"PROVO BYU, UT US",40.2458,-111.6508,1392.9,8/22/2017,,5.3,,19.4,33.9,0,0,0,,33.3,17.2,26.7,,,,,,,
USC00427064,"PROVO BYU, UT US",40.2458,-111.6508,1392.9,8/23/2017,,4.3,,18.9,32.8,0.5,0,0,,32.2,16.1,31.1,,,,,,,
USC00427064,"PROVO BYU, UT US",40.2458,-111.6508,1392.9,8/24/2017,,9.1,,18.9,33.3,0,0,0,,33.3,16.7,26.7,,,,,,,
USC00427064,"PROVO BYU, UT US",40.2458,-111.6508,1392.9,8/25/2017,,8.4,,17.8,33.9,0,0,0,,36.1,15,32.8,,,,,,,
USC00427064,"PROVO BYU, UT US",40.2458,-111.6508,1392.9,8/26/2017,,5.8,,18.9,34.4,0,0,0,,36.1,17.8,32.8,,,,,,,
USC00427064,"PROVO BYU, UT US",40.2458,-111.6508,1392.9,8/27/2017,,5.8,,18.9,34.4,0,0,0,,36.7,16.1,33.9,,,,,,,
USC00427064,"PROVO BYU, UT US",40.2458,-111.6508,1392.9,8/28/2017,,7.1,,17.8,33.9,0,0,0,,36.7,15.6,34.4,,,,,,,
USC00427064,"PROVO BYU, UT US",40.2458,-111.6508,1392.9,8/29/2017,,5.8,,18.9,34.4,0,0,0,,36.7,16.1,35,,,,,,,
USC00427064,"PROVO BYU, UT US",40.2458,-111.6508,1392.9,8/30/2017,,7.6,,20.6,35,0,0,0,,35.6,19.4,30.6,,,,,,,
USC00427064,"PROVO BYU, UT US",40.2458,-111.6508,1392.9,8/31/2017,,1.8,,20,32.2,5.1,0,0,,30.6,17.8,23.9,,,,,,,
USC00427064,"PROVO BYU, UT US",40.2458,-111.6508,1392.9,9/1/2017,,3.8,,17.2,32.8,0,0,0,,32.2,13.9,30.6,,,,,,,
USC00427064,"PROVO BYU, UT US",40.2458,-111.6508,1392.9,9/2/2017,,5.6,,18.3,33.3,0,0,0,,35,15,32.8,,,,,,,
USC00427064,"PROVO BYU, UT US",40.2458,-111.6508,1392.9,9/3/2017,,6.4,,18.9,33.9,0,0,0,,36.7,16.1,34.4,,,,,,,
USC00427064,"PROVO BYU, UT US",40.2458,-111.6508,1392.9,9/4/2017,,5.8,,18.9,33.9,0,0,0,,35.6,15.6,33.3,,,,,,,
USC00427064,"PROVO BYU, UT US",40.2458,-111.6508,1392.9,9/5/2017,,5.3,,18.3,32.8,0,0,0,,36.1,16.1,35,,,,,,,
USC00427064,"PROVO BYU, UT US",40.2458,-111.6508,1392.9,9/6/2017,,6.1,,18.3,31.7,0,0,0,,35.6,15.6,31.1,,,,,,,
USC00427064,"PROVO BYU, UT US",40.2458,-111.6508,1392.9,9/7/2017,,5.6,,18.3,31.7,0,0,0,,33.3,15.6,28.3,,,,,,,
USC00427064,"PROVO BYU, UT US",40.2458,-111.6508,1392.9,9/8/2017,,5.1,,18.9,31.1,1,0,0,,32.2,16.1,28.3,,,,,,,
USC00427064,"PROVO BYU, UT US",40.2458,-111.6508,1392.9,9/9/2017,,2.5,,17.2,26.1,0,0,0,,28.3,14.4,23.3,,,,,,,
USC00427064,"PROVO BYU, UT US",40.2458,-111.6508,1392.9,9/10/2017,,4.6,,16.7,31.7,0,0,0,,30.6,13.3,30,,,,,,,
USC00427064,"PROVO BYU, UT US",40.2458,-111.6508,1392.9,9/11/2017,,4.1,,17.8,32.8,0,0,0,,33.3,15,32.8,,,,,,,
USC00427064,"PROVO BYU, UT US",40.2458,-111.6508,1392.9,9/12/2017,,5.1,,18.3,30.6,0,0,0,,32.8,15.6,29.4,,,,,,,
USC00427064,"PROVO BYU, UT US",40.2458,-111.6508,1392.9,9/13/2017,,5.1,,17.8,31.1,0,0,0,,31.7,15.6,28.9,,,,,,,
USC00427064,"PROVO BYU, UT US",40.2458,-111.6508,1392.9,9/14/2017,,6.6,,18.9,30,0.3,0,0,,29.4,17.2,18.9,,,,,,,
USC00427064,"PROVO BYU, UT US",40.2458,-111.6508,1392.9,9/15/2017,,2,,15,22.2,20.3,0,0,,18.9,11.1,17.2,,,,,,,
USC00427064,"PROVO BYU, UT US",40.2458,-111.6508,1392.9,9/16/2017,,3.6,,11.7,25,0,0,0,,20,6.7,18.9,,,,,,,
USC00427064,"PROVO BYU, UT US",40.2458,-111.6508,1392.9,9/17/2017,,3.3,,12.2,26.1,0,0,0,,26.1,8.3,23.3,,,,,,,
USC00427064,"PROVO BYU, UT US",40.2458,-111.6508,1392.9,9/18/2017,,4.6,,13.9,26.7,0,0,0,,28.3,10.6,26.7,,,,,,,
USC00427064,"PROVO BYU, UT US",40.2458,-111.6508,1392.9,9/19/2017,,3,,14.4,24.4,1.5,0,0,,26.7,10,17.2,,,,,,,
USC00427064,"PROVO BYU, UT US",40.2458,-111.6508,1392.9,9/20/2017,,3.8,,10,25,0,0,0,,26.1,6.1,23.9,,,,,,,
USC00427064,"PROVO BYU, UT US",40.2458,-111.6508,1392.9,9/21/2017,,5.6,,14.4,26.1,0,0,0,,24.4,11.7,12.8,,,,,,,
USC00427064,"PROVO BYU, UT US",40.2458,-111.6508,1392.9,9/22/2017,,2,,11.1,22.8,7.9,0,0,,13.9,5,10,,,,,,,
USC00427064,"PROVO BYU, UT US",40.2458,-111.6508,1392.9,9/23/2017,,0,,7.8,15.6,1.3,0,0,,11.1,3.9,8.3,,,,,,,
USC00427064,"PROVO BYU, UT US",40.2458,-111.6508,1392.9,9/24/2017,,0.5,,7.2,12.2,23.4,0,0,,8.3,3.3,6.1,,,,,,,
USC00427064,"PROVO BYU, UT US",40.2458,-111.6508,1392.9,9/25/2017,,1.8,,6.1,21.1,0.3,0,0,,17.2,3.3,14.4,,,,,,,
USC00427064,"PROVO BYU, UT US",40.2458,-111.6508,1392.9,9/26/2017,,3.3,,8.3,22.2,0,0,0,,19.4,3.3,17.8,,,,,,,
USC00427064,"PROVO BYU, UT US",40.2458,-111.6508,1392.9,9/27/2017,,1.8,,9.4,22.8,0,0,0,,22.8,5,20,,,,,,,
USC00427064,"PROVO BYU, UT US",40.2458,-111.6508,1392.9,9/28/2017,,3,,12.8,21.7,0,0,0,,20,10,19.4,,,,,,,
USC00427064,"PROVO BYU, UT US",40.2458,-111.6508,1392.9,9/29/2017,,3,,11.7,25,0,0,0,,23.3,8.3,21.7,,,,,,,
USC00427064,"PROVO BYU, UT US",40.2458,-111.6508,1392.9,9/30/2017,,2,,12.8,23.3,0,0,0,,21.7,10,18.9,,,,,,,
USC00427064,"PROVO BYU, UT US",40.2458,-111.6508,1392.9,10/1/2017,,0,,12.8,20,2.8,0,0,,19.4,8.9,11.1,,,,,,,
USC00427064,"PROVO BYU, UT US",40.2458,-111.6508,1392.9,10/2/2017,,2.5,,7.2,17.2,0,0,0,,12.2,3.3,11.1,,,,,,,
USC00427064,"PROVO BYU, UT US",40.2458,-111.6508,1392.9,10/3/2017,,2.3,,5.6,18.9,0,0,0,,18.9,1.1,17.2,,,,,,,
USC00427064,"PROVO BYU, UT US",40.2458,-111.6508,1392.9,10/4/2017,,2.3,,8.9,18.9,0,0,0,,21.1,8.9,18.9,,,,,,,
USC00427064,"PROVO BYU, UT US",40.2458,-111.6508,1392.9,10/5/2017,,3.3,,7.8,20.6,0,0,0,,19.4,2.8,16.7,,,,,,,
USC00427064,"PROVO BYU, UT US",40.2458,-111.6508,1392.9,10/6/2017,,1.5,,8.9,20.6,0,0,0,,17.2,3.9,15,,,,,,,
USC00427064,"PROVO BYU, UT US",40.2458,-111.6508,1392.9,10/7/2017,,3.3,,7.8,21.1,0,0,0,,23.9,3.3,22.2,,,,,,,
USC00427064,"PROVO BYU, UT US",40.2458,-111.6508,1392.9,10/8/2017,,1.3,,9.4,20,0,0,0,,22.2,6.7,7.8,,,,,,,
USC00427064,"PROVO BYU, UT US",40.2458,-111.6508,1392.9,10/9/2017,,2.5,,6.1,16.1,0,0,0,,13.9,1.7,11.7,,,,,,,
USC00427064,"PROVO BYU, UT US",40.2458,-111.6508,1392.9,10/10/2017,,3,,5.6,17.8,0,0,0,,18.3,1.1,16.7,,,,,,,
USC00427064,"PROVO BYU, UT US",40.2458,-111.6508,1392.9,10/11/2017,,,,,,0,0,0,,23.9,5.6,20.6,,,,,,,
USC00427064,"PROVO BYU, UT US",40.2458,-111.6508,1392.9,10/12/2017,,,,,,0,0,0,,20.6,7.2,13.3,,,,,,,
USC00427064,"PROVO BYU, UT US",40.2458,-111.6508,1392.9,10/13/2017,,,,,,0,0,0,,20,0.6,17.2,,,,,,,
USC00427064,"PROVO BYU, UT US",40.2458,-111.6508,1392.9,10/14/2017,,,,,,0,0,0,,17.2,3.3,8.3,,,,,,,
USC00427064,"PROVO BYU, UT US",40.2458,-111.6508,1392.9,10/15/2017,,,,,,0,0,0,,15.6,-1.1,12.8,,,,,,,
USC00427064,"PROVO BYU, UT US",40.2458,-111.6508,1392.9,10/16/2017,,,,,,0,0,0,,20.6,0,17.2,,,,,,,
USC00427064,"PROVO BYU, UT US",40.2458,-111.6508,1392.9,10/17/2017,,,,,,0,0,0,,25,1.1,19.4,,,,,,,
USC00427064,"PROVO BYU, UT US",40.2458,-111.6508,1392.9,10/18/2017,,,,,,0,0,0,,23.9,3.3,18.9,,,,,,,
USC00427064,"PROVO BYU, UT US",40.2458,-111.6508,1392.9,10/19/2017,,,,,,0,0,0,,25,5.6,20.6,,,,,,,
USC00427064,"PROVO BYU, UT US",40.2458,-111.6508,1392.9,10/20/2017,,,,,,0,0,0,,22.2,8.9,9.4,,,,,,,
USC00427064,"PROVO BYU, UT US",40.2458,-111.6508,1392.9,10/21/2017,,,,,,0,0,0,,12.8,0,10.6,,,,,,,
USC00427064,"PROVO BYU, UT US",40.2458,-111.6508,1392.9,10/22/2017,,,,,,0,0,0,,20,3.3,17.2,,,,,,,
USC00427064,"PROVO BYU, UT US",40.2458,-111.6508,1392.9,10/23/2017,,,,,,0,0,0,,18.9,5.6,16.7,,,,,,,
USC00427064,"PROVO BYU, UT US",40.2458,-111.6508,1392.9,10/24/2017,,,,,,0,0,0,,17.8,2.8,15,,,,,,,
USC00427064,"PROVO BYU, UT US",40.2458,-111.6508,1392.9,10/25/2017,,,,,,0,0,0,,22.2,1.7,18.3,,,,,,,
USC00427064,"PROVO BYU, UT US",40.2458,-111.6508,1392.9,10/26/2017,,,,,,0,0,0,,18.9,3.3,14.4,,,,,,,
USC00427064,"PROVO BYU, UT US",40.2458,-111.6508,1392.9,10/27/2017,,,,,,0,0,0,,16.7,2.8,12.2,,,,,,,
USC00427064,"PROVO BYU, UT US",40.2458,-111.6508,1392.9,10/28/2017,,,,,,0,0,0,,17.2,2.2,14.4,,,,,,,
USC00427064,"PROVO BYU, UT US",40.2458,-111.6508,1392.9,10/29/2017,,,,,,0,0,0,,21.1,2.8,17.8,,,,,,,
USC00427064,"PROVO BYU, UT US",40.2458,-111.6508,1392.9,10/30/2017,,,,,,0,0,0,,17.8,3.9,13.9,,,,,,,
USC00427064,"PROVO BYU, UT US",40.2458,-111.6508,1392.9,10/31/2017,,,,,,0,0,0,,15,2.2,11.7,,,,,,,
USC00427064,"PROVO BYU, UT US",40.2458,-111.6508,1392.9,11/1/2017,,,,,,0,0,0,,21.7,2.8,18.3,,,,,,,
USC00427064,"PROVO BYU, UT US",40.2458,-111.6508,1392.9,11/2/2017,,,,,,0,0,0,,21.7,11.7,18.9,,,,,,,
USC00427064,"PROVO BYU, UT US",40.2458,-111.6508,1392.9,11/3/2017,,,,,,0,0,0,,18.9,12.2,15.6,,,,,,,
USC00427064,"PROVO BYU, UT US",40.2458,-111.6508,1392.9,11/4/2017,,,,,,0,0,0,,15.6,11.7,12.8,,,,,,,
USC00427064,"PROVO BYU, UT US",40.2458,-111.6508,1392.9,11/5/2017,,,,,,3.8,0,0,,16.1,5.6,12.8,,,,,,,
USC00427064,"PROVO BYU, UT US",40.2458,-111.6508,1392.9,11/6/2017,,,,,,0,0,0,,12.8,4.4,8.3,,,,,,,
USC00427064,"PROVO BYU, UT US",40.2458,-111.6508,1392.9,11/7/2017,,,,,,0.3,0,0,,8.3,2.8,5,,,,,,,
USC00427064,"PROVO BYU, UT US",40.2458,-111.6508,1392.9,11/8/2017,,,,,,0,0,0,,8.3,-3.9,6.1,,,,,,,
USC00427064,"PROVO BYU, UT US",40.2458,-111.6508,1392.9,11/9/2017,,,,,,0,0,0,,18.9,0,15,,,,,,,
USC00427064,"PROVO BYU, UT US",40.2458,-111.6508,1392.9,11/10/2017,,,,,,0,0,0,,16.7,6.1,12.8,,,,,,,
USC00427064,"PROVO BYU, UT US",40.2458,-111.6508,1392.9,11/11/2017,,,,,,0,0,0,,14.4,1.1,11.1,,,,,,,
USC00427064,"PROVO BYU, UT US",40.2458,-111.6508,1392.9,11/12/2017,,,,,,0,0,0,,13.3,-1.1,10.6,,,,,,,
USC00427064,"PROVO BYU, UT US",40.2458,-111.6508,1392.9,11/13/2017,,,,,,0,0,0,,20.6,1.1,15.6,,,,,,,
USC00427064,"PROVO BYU, UT US",40.2458,-111.6508,1392.9,11/14/2017,,,,,,0,0,0,,16.7,8.3,12.2,,,,,,,
USC00427064,"PROVO BYU, UT US",40.2458,-111.6508,1392.9,11/15/2017,,,,,,0,0,0,,19.4,1.7,16.1,,,,,,,
USC00427064,"PROVO BYU, UT US",40.2458,-111.6508,1392.9,11/16/2017,,,,,,0,0,0,,17.2,8.9,16.1,,,,,,,
USC00427064,"PROVO BYU, UT US",40.2458,-111.6508,1392.9,11/17/2017,,,,,,7.4,0,0,,16.1,3.3,3.3,,,,,,,
USC00427064,"PROVO BYU, UT US",40.2458,-111.6508,1392.9,11/18/2017,,,,,,0,0,0,,6.1,-3.9,3.3,,,,,,,
USC00427064,"PROVO BYU, UT US",40.2458,-111.6508,1392.9,11/19/2017,,,,,,0,0,0,,10.6,-3.9,6.1,,,,,,,
USC00427064,"PROVO BYU, UT US",40.2458,-111.6508,1392.9,11/20/2017,,,,,,0,0,0,,12.2,1.1,8.9,,,,,,,
USC00427064,"PROVO BYU, UT US",40.2458,-111.6508,1392.9,11/21/2017,,,,,,0,0,0,,17.8,6.7,14.4,,,,,,,
USC00427064,"PROVO BYU, UT US",40.2458,-111.6508,1392.9,11/22/2017,,,,,,0,0,0,,18.9,3.9,13.9,,,,,,,
USC00427064,"PROVO BYU, UT US",40.2458,-111.6508,1392.9,11/23/2017,,,,,,0,0,0,,20,3.9,11.1,,,,,,,
USC00427064,"PROVO BYU, UT US",40.2458,-111.6508,1392.9,11/24/2017,,,,,,0,0,0,,19.4,8.9,13.9,,,,,,,
USC00427064,"PROVO BYU, UT US",40.2458,-111.6508,1392.9,11/25/2017,,,,,,0,0,0,,16.7,2.8,12.2,,,,,,,
USC00427064,"PROVO BYU, UT US",40.2458,-111.6508,1392.9,11/26/2017,,,,,,0,0,0,,19.4,3.9,15.6,,,,,,,
USC00427064,"PROVO BYU, UT US",40.2458,-111.6508,1392.9,11/27/2017,,,,,,0,0,0,,,5.6,5.6,,,,,,,
USC00427064,"PROVO BYU, UT US",40.2458,-111.6508,1392.9,11/28/2017,,,,,,0,0,0,,8.9,1.1,6.1,,,,,,,
USC00427064,"PROVO BYU, UT US",40.2458,-111.6508,1392.9,11/29/2017,,,,,,0,0,0,,10,-0.6,7.2,,,,,,,
USC00427064,"PROVO BYU, UT US",40.2458,-111.6508,1392.9,11/30/2017,,,,,,0,0,0,,12.2,-2.2,7.2,,,,,,,
USC00427064,"PROVO BYU, UT US",40.2458,-111.6508,1392.9,12/1/2017,,,,,,0,0,0,,10,1.1,7.2,,,,,,,
USC00427064,"PROVO BYU, UT US",40.2458,-111.6508,1392.9,12/2/2017,,,,,,0,0,0,,17.2,-1.7,12.8,,,,,,,
USC00427064,"PROVO BYU, UT US",40.2458,-111.6508,1392.9,12/3/2017,,,,,,0,0,0,,17.8,3.3,3.3,,,,,,,
USC00427064,"PROVO BYU, UT US",40.2458,-111.6508,1392.9,12/4/2017,,,,,,0,3,0,,3.3,-2.2,-1.1,,,,,,,
USC00427064,"PROVO BYU, UT US",40.2458,-111.6508,1392.9,12/5/2017,,,,,,0,0,0,,2.8,-7.2,0.6,,,,,,,
USC00427064,"PROVO BYU, UT US",40.2458,-111.6508,1392.9,12/6/2017,,,,,,0,0,0,,2.2,-7.8,-0.6,,,,,,,
USC00427064,"PROVO BYU, UT US",40.2458,-111.6508,1392.9,12/7/2017,,,,,,0,0,0,,2.8,-7.2,0,,,,,,,
USC00427064,"PROVO BYU, UT US",40.2458,-111.6508,1392.9,12/8/2017,,,,,,0,0,0,,5,-7.8,1.1,,,,,,,
USC00427064,"PROVO BYU, UT US",40.2458,-111.6508,1392.9,12/9/2017,,,,,,0,0,0,,5.6,-8.3,1.7,,,,,,,
USC00427064,"PROVO BYU, UT US",40.2458,-111.6508,1392.9,12/10/2017,,,,,,0,0,0,,6.1,-8.3,1.1,,,,,,,
USC00427064,"PROVO BYU, UT US",40.2458,-111.6508,1392.9,12/11/2017,,,,,,0,0,0,,6.1,-7.8,1.7,,,,,,,
USC00427064,"PROVO BYU, UT US",40.2458,-111.6508,1392.9,12/12/2017,,,,,,0,0,0,,6.1,-7.2,2.2,,,,,,,
USC00427064,"PROVO BYU, UT US",40.2458,-111.6508,1392.9,12/13/2017,,,,,,0,0,0,,2.2,-8.9,0,,,,,,,
USC00427064,"PROVO BYU, UT US",40.2458,-111.6508,1392.9,12/14/2017,,,,,,0,0,0,,3.3,-1.7,1.1,,,,,,,
USC00427064,"PROVO BYU, UT US",40.2458,-111.6508,1392.9,12/15/2017,,,,,,0,0,0,,6.7,-7.2,2.8,,,,,,,
USC00427064,"PROVO BYU, UT US",40.2458,-111.6508,1392.9,12/16/2017,,,,,,0,0,0,,2.8,-3.3,0.6,,,,,,,
USC00427064,"PROVO BYU, UT US",40.2458,-111.6508,1392.9,12/17/2017,,,,,,0.3,5,0,,2.8,-1.7,0.6,,,,,,,
USC00427064,"PROVO BYU, UT US",40.2458,-111.6508,1392.9,12/18/2017,,,,,,0,0,0,,5.6,-5.6,2.8,,,,,,,
USC00427064,"PROVO BYU, UT US",40.2458,-111.6508,1392.9,12/19/2017,,,,,,0,0,0,,11.7,-5.6,6.7,,,,,,,
USC00427064,"PROVO BYU, UT US",40.2458,-111.6508,1392.9,12/20/2017,,,,,,0,0,0,,13.9,1.1,1.1,,,,,,,
USC00427064,"PROVO BYU, UT US",40.2458,-111.6508,1392.9,12/21/2017,,,,,,0.8,15,25,,1.1,-3.9,-0.6,,,,,,,
USC00427064,"PROVO BYU, UT US",40.2458,-111.6508,1392.9,12/22/2017,,,,,,0,0,0,,3.9,-8.9,1.7,,,,,,,
USC00427064,"PROVO BYU, UT US",40.2458,-111.6508,1392.9,12/23/2017,,,,,,0.3,0,0,,6.1,0,3.3,,,,,,,
USC00427064,"PROVO BYU, UT US",40.2458,-111.6508,1392.9,12/24/2017,,,,,,0,0,0,,3.3,-8.3,0,,,,,,,
USC00427064,"PROVO BYU, UT US",40.2458,-111.6508,1392.9,12/25/2017,,,,,,9.1,36,25,,5.6,-1.7,2.8,,,,,,,
USC00427064,"PROVO BYU, UT US",40.2458,-111.6508,1392.9,12/26/2017,,,,,,0,0,0,,6.1,-5,2.8,,,,,,,
USC00427064,"PROVO BYU, UT US",40.2458,-111.6508,1392.9,12/27/2017,,,,,,0,0,0,,8.9,-5.6,3.9,,,,,,,
USC00427064,"PROVO BYU, UT US",40.2458,-111.6508,1392.9,12/28/2017,,,,,,0,0,0,,11.1,-5,3.9,,,,,,,
USC00427064,"PROVO BYU, UT US",40.2458,-111.6508,1392.9,12/29/2017,,,,,,0,0,0,,15,-3.9,7.2,,,,,,,
USC00427064,"PROVO BYU, UT US",40.2458,-111.6508,1392.9,12/30/2017,,,,,,0,0,0,,13.9,-0.6,8.3,,,,,,,
USC00427064,"PROVO BYU, UT US",40.2458,-111.6508,1392.9,12/31/2017,,,,,,0,0,0,,13.9,-3.3,3.9,,,,,,,
USC00427064,"PROVO BYU, UT US",40.2458,-111.6508,1392.9,1/1/2018,,,,,,0,0,0,,8.3,-5.6,3.9,,,,,,,
USC00427064,"PROVO BYU, UT US",40.2458,-111.6508,1392.9,1/2/2018,,,,,,0,0,0,,7.2,-6.1,0,,,,,,,
USC00427064,"PROVO BYU, UT US",40.2458,-111.6508,1392.9,1/3/2018,,,,,,0,0,0,,5,-7.2,0.6,,,,,,,
USC00427064,"PROVO BYU, UT US",40.2458,-111.6508,1392.9,1/4/2018,,,,,,0,0,0,,7.2,-7.2,3.3,,,,,,,
USC00427064,"PROVO BYU, UT US",40.2458,-111.6508,1392.9,1/5/2018,,,,,,0,0,0,,10.6,-4.4,5.6,,,,,,,
USC00427064,"PROVO BYU, UT US",40.2458,-111.6508,1392.9,1/6/2018,,,,,,3.6,0,0,,5.6,0,2.2,,,,,,,
USC00427064,"PROVO BYU, UT US",40.2458,-111.6508,1392.9,1/7/2018,,,,,,0.8,0,0,,9.4,0.6,6.1,,,,,,,
USC00427064,"PROVO BYU, UT US",40.2458,-111.6508,1392.9,1/8/2018,,,,,,0,0,0,,9.4,-2.2,6.7,,,,,,,
USC00427064,"PROVO BYU, UT US",40.2458,-111.6508,1392.9,1/9/2018,,,,,,3.6,0,0,,7.8,4.4,7.2,,,,,,,
USC00427064,"PROVO BYU, UT US",40.2458,-111.6508,1392.9,1/10/2018,,,,,,6.6,0,0,,7.8,4.4,4.4,,,,,,,
USC00427064,"PROVO BYU, UT US",40.2458,-111.6508,1392.9,1/11/2018,,,,,,0,0,0,,8.3,0.6,6.7,,,,,,,
USC00427064,"PROVO BYU, UT US",40.2458,-111.6508,1392.9,1/12/2018,,,,,,0,0,0,,10,4.4,7.8,,,,,,,
USC00427064,"PROVO BYU, UT US",40.2458,-111.6508,1392.9,1/13/2018,,,,,,0,0,0,,10.6,-2.8,7.2,,,,,,,
USC00427064,"PROVO BYU, UT US",40.2458,-111.6508,1392.9,1/14/2018,,,,,,0,0,0,,10,-3.9,6.7,,,,,,,
USC00427064,"PROVO BYU, UT US",40.2458,-111.6508,1392.9,1/15/2018,,,,,,0,0,0,,8.9,-3.3,6.7,,,,,,,
USC00427064,"PROVO BYU, UT US",40.2458,-111.6508,1392.9,1/16/2018,,,,,,0,0,0,,11.1,-2.2,7.2,,,,,,,
USC00427064,"PROVO BYU, UT US",40.2458,-111.6508,1392.9,1/17/2018,,,,,,0,0,0,,11.7,-2.8,7.2,,,,,,,
USC00427064,"PROVO BYU, UT US",40.2458,-111.6508,1392.9,1/18/2018,,,,,,0,0,0,,12.8,-1.1,10.6,,,,,,,
USC00427064,"PROVO BYU, UT US",40.2458,-111.6508,1392.9,1/19/2018,,,,,,0,0,0,,13.3,3.3,10.6,,,,,,,
USC00427064,"PROVO BYU, UT US",40.2458,-111.6508,1392.9,1/20/2018,,,,,,11.7,122,127,,10.6,-1.7,-1.1,,,,,,,
USC00427064,"PROVO BYU, UT US",40.2458,-111.6508,1392.9,1/21/2018,,,,,,0.3,13,76,,2.2,-5.6,-0.6,,,,,,,
USC00427064,"PROVO BYU, UT US",40.2458,-111.6508,1392.9,1/22/2018,,,,,,0,0,51,,1.1,-9.4,-1.1,,,,,,,
USC00427064,"PROVO BYU, UT US",40.2458,-111.6508,1392.9,1/23/2018,,,,,,0,0,25,,5,-6.1,2.2,,,,,,,
USC00427064,"PROVO BYU, UT US",40.2458,-111.6508,1392.9,1/24/2018,,,,,,0,0,25,,10.6,-6.1,6.7,,,,,,,
USC00427064,"PROVO BYU, UT US",40.2458,-111.6508,1392.9,1/25/2018,,,,,,0,0,0,,8.3,0,3.3,,,,,,,
USC00427064,"PROVO BYU, UT US",40.2458,-111.6508,1392.9,1/26/2018,,,,,,2.3,33,51,,5,-3.3,2.8,,,,,,,
USC00427064,"PROVO BYU, UT US",40.2458,-111.6508,1392.9,1/27/2018,,,,,,0,0,25,,8.9,-6.1,5.6,,,,,,,
USC00427064,"PROVO BYU, UT US",40.2458,-111.6508,1392.9,1/28/2018,,,,,,0,0,0,,11.1,0,8.3,,,,,,,
USC00427064,"PROVO BYU, UT US",40.2458,-111.6508,1392.9,1/29/2018,,,,,,0,0,0,,10.6,-2.8,7.2,,,,,,,
USC00427064,"PROVO BYU, UT US",40.2458,-111.6508,1392.9,1/30/2018,,,,,,0,0,0,,15.6,0,14.4,,,,,,,
USC00427064,"PROVO BYU, UT US",40.2458,-111.6508,1392.9,1/31/2018,,,,,,0,0,0,,14.4,3.9,10.6,,,,,,,
USC00427064,"PROVO BYU, UT US",40.2458,-111.6508,1392.9,2/1/2018,,,,,,0,0,0,,10.6,1.7,8.9,,,,,,,
USC00427064,"PROVO BYU, UT US",40.2458,-111.6508,1392.9,2/2/2018,,,,,,0,0,0,,12.2,1.1,11.7,,,,,,,
USC00427064,"PROVO BYU, UT US",40.2458,-111.6508,1392.9,2/3/2018,,,,,,0,0,0,,14.4,4.4,12.2,,,,,,,
USC00427064,"PROVO BYU, UT US",40.2458,-111.6508,1392.9,2/4/2018,,,,,,0,0,0,,12.8,2.2,11.7,,,,,,,
USC00427064,"PROVO BYU, UT US",40.2458,-111.6508,1392.9,2/5/2018,,,,,,0,0,0,,13.3,4.4,11.1,,,,,,,
USC00427064,"PROVO BYU, UT US",40.2458,-111.6508,1392.9,2/6/2018,,,,,,0,0,0,,11.1,-0.6,7.2,,,,,,,
USC00427064,"PROVO BYU, UT US",40.2458,-111.6508,1392.9,2/7/2018,,,,,,0,0,0,,12.2,-3.3,10.6,,,,,,,
USC00427064,"PROVO BYU, UT US",40.2458,-111.6508,1392.9,2/8/2018,,,,,,0,0,0,,15,-0.6,13.9,,,,,,,
USC00427064,"PROVO BYU, UT US",40.2458,-111.6508,1392.9,2/9/2018,,,,,,0,0,0,,16.7,1.7,12.2,,,,,,,
USC00427064,"PROVO BYU, UT US",40.2458,-111.6508,1392.9,2/10/2018,,,,,,0,0,0,,12.8,0,1.7,,,,,,,
USC00427064,"PROVO BYU, UT US",40.2458,-111.6508,1392.9,2/11/2018,,,,,,0,0,0,,7.2,-6.7,6.1,,,,,,,
USC00427064,"PROVO BYU, UT US",40.2458,-111.6508,1392.9,2/12/2018,,,,,,0,0,0,,9.4,2.8,8.3,,,,,,,
USC00427064,"PROVO BYU, UT US",40.2458,-111.6508,1392.9,2/13/2018,,,,,,0,0,0,,8.3,-1.7,7.2,,,,,,,
USC00427064,"PROVO BYU, UT US",40.2458,-111.6508,1392.9,2/14/2018,,,,,,0.3,0,0,,11.1,1.7,8.3,,,,,,,
USC00427064,"PROVO BYU, UT US",40.2458,-111.6508,1392.9,2/15/2018,,,,,,2.3,5,0,,8.3,-1.1,2.2,,,,,,,
USC00427064,"PROVO BYU, UT US",40.2458,-111.6508,1392.9,2/16/2018,,,,,,0,0,0,,7.8,-7.8,6.1,,,,,,,
USC00427064,"PROVO BYU, UT US",40.2458,-111.6508,1392.9,2/17/2018,,,,,,0,0,0,,13.9,-5,12.8,,,,,,,
USC00427064,"PROVO BYU, UT US",40.2458,-111.6508,1392.9,2/18/2018,,,,,,0,0,0,,16.1,5.6,5.6,,,,,,,
USC00427064,"PROVO BYU, UT US",40.2458,-111.6508,1392.9,2/19/2018,,,,,,12.2,152,152,,5.6,-3.9,-3.9,,,,,,,
USC00427064,"PROVO BYU, UT US",40.2458,-111.6508,1392.9,2/20/2018,,,,,,1.3,18,127,,-1.7,-8.3,-3.3,,,,,,,
USC00427064,"PROVO BYU, UT US",40.2458,-111.6508,1392.9,2/21/2018,,,,,,0,0,51,,-0.6,-11.7,-1.7,,,,,,,
USC00427064,"PROVO BYU, UT US",40.2458,-111.6508,1392.9,2/22/2018,,,,,,0,0,51,,2.2,-9.4,0.6,,,,,,,
USC00427064,"PROVO BYU, UT US",40.2458,-111.6508,1392.9,2/23/2018,,,,,,7.6,140,178,,0.6,-4.4,-3.3,,,,,,,
USC00427064,"PROVO BYU, UT US",40.2458,-111.6508,1392.9,2/24/2018,,,,,,0,0,102,,-1.7,-12.2,-2.2,,,,,,,
USC00427064,"PROVO BYU, UT US",40.2458,-111.6508,1392.9,2/25/2018,,,,,,0.3,18,127,,1.1,-8.3,0,,,,,,,
USC00427064,"PROVO BYU, UT US",40.2458,-111.6508,1392.9,2/26/2018,,,,,,0,0,76,,7.2,-5,6.1,,,,,,,
USC00427064,"PROVO BYU, UT US",40.2458,-111.6508,1392.9,2/27/2018,,,,,,0,0,25,,6.7,-1.7,5,,,,,,,
USC00427064,"PROVO BYU, UT US",40.2458,-111.6508,1392.9,2/28/2018,,,,,,0,0,0,,6.1,-1.1,3.9,,,,,,,
USC00427064,"PROVO BYU, UT US",40.2458,-111.6508,1392.9,3/1/2018,,,,,,0.5,0,0,,6.1,-1.1,5.6,,,,,,,
USC00427064,"PROVO BYU, UT US",40.2458,-111.6508,1392.9,3/2/2018,,,,,,0,0,0,,14.4,0.6,11.7,,,,,,,
USC00427064,"PROVO BYU, UT US",40.2458,-111.6508,1392.9,3/3/2018,,,,,,0,0,0,,12.2,1.1,11.1,,,,,,,
USC00427064,"PROVO BYU, UT US",40.2458,-111.6508,1392.9,3/4/2018,,,,,,15,71,76,,11.1,-2.8,0.6,,,,,,,
USC00427064,"PROVO BYU, UT US",40.2458,-111.6508,1392.9,3/5/2018,,,,,,0,0,25,,5,-3.9,3.3,,,,,,,
USC00427064,"PROVO BYU, UT US",40.2458,-111.6508,1392.9,3/6/2018,,,,,,0,0,0,,7.2,-6.7,5,,,,,,,
USC00427064,"PROVO BYU, UT US",40.2458,-111.6508,1392.9,3/7/2018,,,,,,0,0,0,,8.9,-5.6,7.8,,,,,,,
USC00427064,"PROVO BYU, UT US",40.2458,-111.6508,1392.9,3/8/2018,,,,,,0,0,0,,15.6,-2.2,13.3,,,,,,,
USC00427064,"PROVO BYU, UT US",40.2458,-111.6508,1392.9,3/9/2018,,,,,,0,0,0,,17.2,1.7,13.9,,,,,,,
USC00427064,"PROVO BYU, UT US",40.2458,-111.6508,1392.9,3/10/2018,,,,,,0,0,0,,14.4,1.7,13.3,,,,,,,
USC00427064,"PROVO BYU, UT US",40.2458,-111.6508,1392.9,3/11/2018,,,,,,0,0,0,,17.8,3.3,16.7,,,,,,,
USC00427064,"PROVO BYU, UT US",40.2458,-111.6508,1392.9,3/12/2018,,,,,,0,0,0,,18.9,6.1,16.7,,,,,,,
USC00427064,"PROVO BYU, UT US",40.2458,-111.6508,1392.9,3/13/2018,,,,,,0,0,0,,20.6,3.9,18.9,,,,,,,
USC00427064,"PROVO BYU, UT US",40.2458,-111.6508,1392.9,3/14/2018,,,,,,1.3,0,0,,19.4,7.8,11.1,,,,,,,
USC00427064,"PROVO BYU, UT US",40.2458,-111.6508,1392.9,3/15/2018,,,,,,10.2,0,0,,13.3,1.1,5,,,,,,,
USC00427064,"PROVO BYU, UT US",40.2458,-111.6508,1392.9,3/16/2018,,,,,,1.3,3,0,,12.2,-0.6,11.1,,,,,,,
USC00427064,"PROVO BYU, UT US",40.2458,-111.6508,1392.9,3/17/2018,,,,,,0,0,0,,11.1,1.7,2.2,,,,,,,
USC00427064,"PROVO BYU, UT US",40.2458,-111.6508,1392.9,3/18/2018,,,,,,0,0,0,,6.7,0,5.6,,,,,,,
USC00427064,"PROVO BYU, UT US",40.2458,-111.6508,1392.9,3/19/2018,,,,,,0,0,0,,10,0,9.4,,,,,,,
USC00427064,"PROVO BYU, UT US",40.2458,-111.6508,1392.9,3/20/2018,,,,,,0,0,0,,14.4,0.6,13.3,,,,,,,
USC00427064,"PROVO BYU, UT US",40.2458,-111.6508,1392.9,3/21/2018,,,,,,0,0,0,,17.2,5,16.1,,,,,,,
USC00427064,"PROVO BYU, UT US",40.2458,-111.6508,1392.9,3/22/2018,,,,,,1.3,0,0,,16.1,10.6,13.3,,,,,,,
USC00427064,"PROVO BYU, UT US",40.2458,-111.6508,1392.9,3/23/2018,,,,,,6.4,0,0,,14.4,4.4,13.9,,,,,,,
USC00427064,"PROVO BYU, UT US",40.2458,-111.6508,1392.9,3/24/2018,,,,,,0,0,0,,16.1,2.8,11.7,,,,,,,
USC00427064,"PROVO BYU, UT US",40.2458,-111.6508,1392.9,3/25/2018,,,,,,0,0,0,,11.7,2.2,2.8,,,,,,,
USC00427064,"PROVO BYU, UT US",40.2458,-111.6508,1392.9,3/26/2018,,,,,,5.3,51,51,,6.1,-1.1,3.9,,,,,,,
USC00427064,"PROVO BYU, UT US",40.2458,-111.6508,1392.9,3/27/2018,,,,,,0,0,0,,11.1,-2.8,9.4,,,,,,,
USC00427064,"PROVO BYU, UT US",40.2458,-111.6508,1392.9,3/28/2018,,,,,,0,0,0,,13.3,3.9,12.2,,,,,,,
USC00427064,"PROVO BYU, UT US",40.2458,-111.6508,1392.9,3/29/2018,,,,,,0,0,0,,15.6,4.4,14.4,,,,,,,
USC00427064,"PROVO BYU, UT US",40.2458,-111.6508,1392.9,3/30/2018,,,,,,0,0,0,,18.9,1.7,17.8,,,,,,,
USC00427064,"PROVO BYU, UT US",40.2458,-111.6508,1392.9,3/31/2018,,,,,,0,0,0,,22.8,3.9,20,,,,,,,
USC00427064,"PROVO BYU, UT US",40.2458,-111.6508,1392.9,4/1/2018,,,,,,0,0,0,,21.7,6.7,20.6,,,,,,,
USC00427064,"PROVO BYU, UT US",40.2458,-111.6508,1392.9,4/2/2018,,,,,,0,0,0,,20.6,7.8,7.8,,,,,,,
USC00427064,"PROVO BYU, UT US",40.2458,-111.6508,1392.9,4/3/2018,,,,,,0,0,0,,11.7,-3.9,11.7,,,,,,,
USC00427064,"PROVO BYU, UT US",40.2458,-111.6508,1392.9,4/4/2018,,,,,,0,0,0,,13.9,2.2,13.3,,,,,,,
USC00427064,"PROVO BYU, UT US",40.2458,-111.6508,1392.9,4/5/2018,,,,,,0,0,0,,18.9,2.2,16.1,,,,,,,
USC00427064,"PROVO BYU, UT US",40.2458,-111.6508,1392.9,4/6/2018,,,,,,2.5,0,0,,17.2,8.9,11.7,,,,,,,
USC00427064,"PROVO BYU, UT US",40.2458,-111.6508,1392.9,4/7/2018,,,,,,17,0,0,,12.8,8.9,11.7,,,,,,,
USC00427064,"PROVO BYU, UT US",40.2458,-111.6508,1392.9,4/8/2018,,,,,,3.3,0,0,,13.9,6.7,12.8,,,,,,,
USC00427064,"PROVO BYU, UT US",40.2458,-111.6508,1392.9,4/9/2018,,,,,,0,0,0,,16.7,2.8,15.6,,,,,,,
USC00427064,"PROVO BYU, UT US",40.2458,-111.6508,1392.9,4/10/2018,,,,,,0,0,0,,20,3.3,18.9,,,,,,,
USC00427064,"PROVO BYU, UT US",40.2458,-111.6508,1392.9,4/11/2018,,,,,,0,0,0,,25,10,21.7,,,,,,,
USC00427064,"PROVO BYU, UT US",40.2458,-111.6508,1392.9,4/12/2018,,,,,,1.8,0,0,,21.7,3.3,4.4,,,,,,,
USC00427064,"PROVO BYU, UT US",40.2458,-111.6508,1392.9,4/13/2018,,,,,,6.4,89,102,,8.9,-1.1,8.3,,,,,,,
USC00427064,"PROVO BYU, UT US",40.2458,-111.6508,1392.9,4/14/2018,,,,,,0,0,0,,15.6,-1.7,14.4,,,,,,,
USC00427064,"PROVO BYU, UT US",40.2458,-111.6508,1392.9,4/15/2018,,,,,,0,0,0,,21.1,5,21.1,,,,,,,
USC00427064,"PROVO BYU, UT US",40.2458,-111.6508,1392.9,4/16/2018,,,,,,0,0,0,,25,7.2,21.7,,,,,,,
USC00427064,"PROVO BYU, UT US",40.2458,-111.6508,1392.9,4/17/2018,,,,,,0,23,25,,22.2,0,7.8,,,,,,,
USC00427064,"PROVO BYU, UT US",40.2458,-111.6508,1392.9,4/18/2018,,,,,,0,0,0,,15,-1.1,14.4,,,,,,,
USC00427064,"PROVO BYU, UT US",40.2458,-111.6508,1392.9,4/19/2018,,,,,,0,0,0,,20,6.7,18.9,,,,,,,
USC00427064,"PROVO BYU, UT US",40.2458,-111.6508,1392.9,4/20/2018,,,,,,0,0,0,,19.4,6.7,13.3,,,,,,,
USC00427064,"PROVO BYU, UT US",40.2458,-111.6508,1392.9,4/21/2018,,,,,,0,0,0,,21.7,3.9,20.6,,,,,,,
USC00427064,"PROVO BYU, UT US",40.2458,-111.6508,1392.9,4/22/2018,,,,,,0,0,0,,25,5.6,24.4,,,,,,,
USC00427064,"PROVO BYU, UT US",40.2458,-111.6508,1392.9,4/23/2018,,,,,,0,0,0,,24.4,11.1,19.4,,,,,,,
USC00427064,"PROVO BYU, UT US",40.2458,-111.6508,1392.9,4/24/2018,,,,,,0,0,0,,20,4.4,18.9,,,,,,,
USC00427064,"PROVO BYU, UT US",40.2458,-111.6508,1392.9,4/25/2018,,,,,,0,0,0,,23.9,5.6,22.8,,,,,,,
USC00427064,"PROVO BYU, UT US",40.2458,-111.6508,1392.9,4/26/2018,,,,,,0,0,0,,26.1,7.2,25,,,,,,,
USC00427064,"PROVO BYU, UT US",40.2458,-111.6508,1392.9,4/27/2018,,,,,,0,0,0,,28.9,8.3,28.3,,,,,,,
USC00427064,"PROVO BYU, UT US",40.2458,-111.6508,1392.9,4/28/2018,,,,,,0,0,0,,30,8.3,26.1,,,,,,,
USC00427064,"PROVO BYU, UT US",40.2458,-111.6508,1392.9,4/29/2018,,,,,,0,0,0,,26.1,9.4,17.2,,,,,,,
USC00427064,"PROVO BYU, UT US",40.2458,-111.6508,1392.9,4/30/2018,,,,,,17,0,0,,18.9,2.2,12.8,,,,,,,
USC00427064,"PROVO BYU, UT US",40.2458,-111.6508,1392.9,5/1/2018,,,,,,0,0,0,,18.9,2.2,15,,,,,,,
USC00427064,"PROVO BYU, UT US",40.2458,-111.6508,1392.9,5/2/2018,,,,,,6.6,0,0,,15,7.2,8.3,,,,,,,
USC00427064,"PROVO BYU, UT US",40.2458,-111.6508,1392.9,5/3/2018,,,,,,5.6,0,0,,20.6,5.6,19.4,,,,,,,
USC00427064,"PROVO BYU, UT US",40.2458,-111.6508,1392.9,5/4/2018,,,,,,0,0,0,,23.9,5.6,23.9,,,,,,,
USC00427064,"PROVO BYU, UT US",40.2458,-111.6508,1392.9,5/5/2018,,,,,,0,0,0,,27.2,8.3,25.6,,,,,,,
USC00427064,"PROVO BYU, UT US",40.2458,-111.6508,1392.9,5/6/2018,,,,,,0,0,0,,30,12.2,28.3,,,,,,,
USC00427064,"PROVO BYU, UT US",40.2458,-111.6508,1392.9,5/7/2018,,,,,,0,0,0,,30.6,11.7,27.2,,,,,,,
USC00427064,"PROVO BYU, UT US",40.2458,-111.6508,1392.9,5/8/2018,,,,,,0,0,0,,28.9,13.9,27.8,,,,,,,
USC00427064,"PROVO BYU, UT US",40.2458,-111.6508,1392.9,5/9/2018,,,,,,0,0,0,,30.6,14.4,29.4,,,,,,,
USC00427064,"PROVO BYU, UT US",40.2458,-111.6508,1392.9,5/10/2018,,,,,,0,0,0,,30.6,13.9,23.3,,,,,,,
USC00427064,"PROVO BYU, UT US",40.2458,-111.6508,1392.9,5/11/2018,,,,,,10.2,0,0,,25,9.4,9.4,,,,,,,
USC00427064,"PROVO BYU, UT US",40.2458,-111.6508,1392.9,5/12/2018,,,,,,7.9,0,0,,12.2,6.7,12.2,,,,,,,
USC00427064,"PROVO BYU, UT US",40.2458,-111.6508,1392.9,5/13/2018,,,,,,0,0,0,,20,3.3,18.3,,,,,,,
USC00427064,"PROVO BYU, UT US",40.2458,-111.6508,1392.9,5/14/2018,,,,,,1.3,0,0,,21.1,6.7,12.8,,,,,,,
USC00427064,"PROVO BYU, UT US",40.2458,-111.6508,1392.9,5/15/2018,,,,,,1,0,0,,25,7.8,23.9,,,,,,,
USC00427064,"PROVO BYU, UT US",40.2458,-111.6508,1392.9,5/16/2018,,,,,,0,0,0,,28.3,9.4,27.2,,,,,,,
USC00427064,"PROVO BYU, UT US",40.2458,-111.6508,1392.9,5/17/2018,,,,,,0,0,0,,27.8,11.1,23.9,,,,,,,
USC00427064,"PROVO BYU, UT US",40.2458,-111.6508,1392.9,5/18/2018,,,,,,0,0,0,,27.8,11.1,18.9,,,,,,,
USC00427064,"PROVO BYU, UT US",40.2458,-111.6508,1392.9,5/19/2018,,4.6,,12.2,29.4,0,0,0,,25,8.9,23.9,,,,,,,
USC00427064,"PROVO BYU, UT US",40.2458,-111.6508,1392.9,5/20/2018,,7.1,,14.4,28.9,0.5,0,0,,25,11.1,23.3,,,,,,,
USC00427064,"PROVO BYU, UT US",40.2458,-111.6508,1392.9,5/21/2018,,4.8,,12.8,28.9,0,0,0,,28.3,10.6,25,,,,,,,
USC00427064,"PROVO BYU, UT US",40.2458,-111.6508,1392.9,5/22/2018,,5.3,,14.4,26.1,1,0,0,,25,11.1,20.6,,,,,,,
USC00427064,"PROVO BYU, UT US",40.2458,-111.6508,1392.9,5/23/2018,,3.8,,12.2,27.8,0,0,0,,25.6,8.9,24.4,,,,,,,
USC00427064,"PROVO BYU, UT US",40.2458,-111.6508,1392.9,5/24/2018,,3.3,,15,32.2,0,0,0,,30,11.7,29.4,,,,,,,
USC00427064,"PROVO BYU, UT US",40.2458,-111.6508,1392.9,5/25/2018,,7.6,,15.6,33.3,0,0,0,,31.7,12.2,30.6,,,,,,,
USC00427064,"PROVO BYU, UT US",40.2458,-111.6508,1392.9,5/26/2018,,7.4,,15.6,33.3,0,0,0,,31.1,12.2,26.1,,,,,,,
USC00427064,"PROVO BYU, UT US",40.2458,-111.6508,1392.9,5/27/2018,,3.3,,15.6,28.9,0,0,0,,26.1,13.3,16.7,,,,,,,
USC00427064,"PROVO BYU, UT US",40.2458,-111.6508,1392.9,5/28/2018,,4.1,,12.8,25.6,0,0,0,,21.7,9.4,17.8,,,,,,,
USC00427064,"PROVO BYU, UT US",40.2458,-111.6508,1392.9,5/29/2018,,5.1,,12.8,30,0,0,0,,25.6,9.4,25,,,,,,,
USC00427064,"PROVO BYU, UT US",40.2458,-111.6508,1392.9,5/30/2018,,5.8,,6.7,31.1,0,0,0,,30,11.1,26.7,,,,,,,
USC00427064,"PROVO BYU, UT US",40.2458,-111.6508,1392.9,5/31/2018,,4.6,,,,0,0,0,,31.7,13.3,28.3,,,,,,,
USC00427064,"PROVO BYU, UT US",40.2458,-111.6508,1392.9,6/1/2018,,10.2,,14.4,30,0,0,0,,28.3,12.8,21.7,,,,,,,
USC00427064,"PROVO BYU, UT US",40.2458,-111.6508,1392.9,6/2/2018,,5.8,,11.7,31.7,0,0,0,,28.3,7.8,27.2,,,,,,,
USC00427064,"PROVO BYU, UT US",40.2458,-111.6508,1392.9,6/3/2018,,,,,,,,,,32.2,10.6,,,,,,,,
USC00427064,"PROVO BYU, UT US",40.2458,-111.6508,1392.9,6/4/2018,2,15.5,0,14.4,35,,0,0,,35.6,10.6,35,,,,,,,
USC00427064,"PROVO BYU, UT US",40.2458,-111.6508,1392.9,6/5/2018,,8.6,,16.7,33.9,0,0,0,,35.6,15.6,34.4,,,,,,,
USC00427064,"PROVO BYU, UT US",40.2458,-111.6508,1392.9,6/6/2018,,8.6,,17.8,35,0,0,0,,34.4,15,33.9,,,,,,,
USC00427064,"PROVO BYU, UT US",40.2458,-111.6508,1392.9,6/7/2018,,9.4,,16.7,33.9,0,0,0,,33.9,14.4,31.1,,,,,,,
USC00427064,"PROVO BYU, UT US",40.2458,-111.6508,1392.9,6/8/2018,,7.6,,16.1,33.9,0,0,0,,33.3,14.4,32.2,,,,,,,
USC00427064,"PROVO BYU, UT US",40.2458,-111.6508,1392.9,6/9/2018,,8.4,,16.1,33.3,0,0,0,,35.6,13.3,34.4,,,,,,,
USC00427064,"PROVO BYU, UT US",40.2458,-111.6508,1392.9,6/10/2018,,11.4,,15.6,32.2,0,0,0,,34.4,14.4,22.2,,,,,,,
USC00427064,"PROVO BYU, UT US",40.2458,-111.6508,1392.9,6/11/2018,,9.7,,12.8,32.2,0,0,0,,30,8.9,28.9,,,,,,,
USC00427064,"PROVO BYU, UT US",40.2458,-111.6508,1392.9,6/12/2018,,6.9,,15,33.9,0,0,0,,30.6,11.7,29.4,,,,,,,
USC00427064,"PROVO BYU, UT US",40.2458,-111.6508,1392.9,6/13/2018,,9.7,,16.7,35.6,0,0,0,,37.2,13.3,34.4,,,,,,,
USC00427064,"PROVO BYU, UT US",40.2458,-111.6508,1392.9,6/14/2018,,8.4,,17.8,33.9,0,0,0,,36.7,17.8,35.6,,,,,,,
USC00427064,"PROVO BYU, UT US",40.2458,-111.6508,1392.9,6/15/2018,,10.4,,17.2,33.3,0,0,0,,35.6,15.6,33.3,,,,,,,
USC00427064,"PROVO BYU, UT US",40.2458,-111.6508,1392.9,6/16/2018,,7.9,,17.8,34.4,0,0,0,,33.9,18.9,30.6,,,,,,,
USC00427064,"PROVO BYU, UT US",40.2458,-111.6508,1392.9,6/17/2018,,9.4,,20,33.9,0.3,0,0,,32.2,20.6,27.8,,,,,,,
USC00427064,"PROVO BYU, UT US",40.2458,-111.6508,1392.9,6/18/2018,,6.6,,16.7,32.8,0,0,0,,28.9,15,27.8,,,,,,,
USC00427064,"PROVO BYU, UT US",40.2458,-111.6508,1392.9,6/19/2018,,6.4,,16.7,32.8,0,0,0,,27.8,13.9,26.1,,,,,,,
USC00427064,"PROVO BYU, UT US",40.2458,-111.6508,1392.9,6/20/2018,,7.4,,16.1,33.9,0,0,0,,30.6,12.8,29.4,,,,,,,
USC00427064,"PROVO BYU, UT US",40.2458,-111.6508,1392.9,6/21/2018,,6.6,,17.2,35.6,0,0,0,,35.6,14.4,33.9,,,,,,,
USC00427064,"PROVO BYU, UT US",40.2458,-111.6508,1392.9,6/22/2018,,11.4,,17.8,35,0,0,0,,33.9,16.1,28.9,,,,,,,
USC00427064,"PROVO BYU, UT US",40.2458,-111.6508,1392.9,6/23/2018,,,,,,,,,,32.8,13.9,,,,,,,,
USC00427064,"PROVO BYU, UT US",40.2458,-111.6508,1392.9,6/24/2018,,,,,,,,,,31.1,12.8,,,,,,,,
USC00427064,"PROVO BYU, UT US",40.2458,-111.6508,1392.9,6/25/2018,3,22.9,0,15,35.6,,0,0,,33.9,13.3,33.3,,,,,,,
USC00427064,"PROVO BYU, UT US",40.2458,-111.6508,1392.9,6/26/2018,,7.4,,17.8,36.1,0,0,0,,37.8,16.1,37.8,,,,,,,
USC00427064,"PROVO BYU, UT US",40.2458,-111.6508,1392.9,6/27/2018,,9.7,,18.9,36.7,0,0,0,,38.9,16.1,37.8,,,,,,,
USC00427064,"PROVO BYU, UT US",40.2458,-111.6508,1392.9,6/28/2018,,11.9,,17.2,36.1,0,0,0,,37.8,17.8,33.9,,,,,,,
USC00427064,"PROVO BYU, UT US",40.2458,-111.6508,1392.9,6/29/2018,,7.6,,17.2,32.8,0,0,0,,33.9,17.8,27.8,,,,,,,
USC00427064,"PROVO BYU, UT US",40.2458,-111.6508,1392.9,6/30/2018,,8.1,,17.2,32.8,0,0,0,,27.8,15,26.7,,,,,,,
USC00427064,"PROVO BYU, UT US",40.2458,-111.6508,1392.9,7/1/2018,,7.1,,15.6,34.4,0,0,0,,31.7,11.7,30.6,,,,,,,
USC00427064,"PROVO BYU, UT US",40.2458,-111.6508,1392.9,7/2/2018,,8.6,,15,35,0,0,0,,36.7,14.4,34.4,,,,,,,
USC00427064,"PROVO BYU, UT US",40.2458,-111.6508,1392.9,7/3/2018,,9.1,,18.9,35.6,0,0,0,,36.1,16.7,31.1,,,,,,,
USC00427064,"PROVO BYU, UT US",40.2458,-111.6508,1392.9,7/4/2018,,8.9,,17.8,36.1,0,0,0,,36.1,15,35,,,,,,,
USC00427064,"PROVO BYU, UT US",40.2458,-111.6508,1392.9,7/5/2018,,9.1,,18.9,35.6,0,0,0,,37.8,17.2,36.1,,,,,,,
USC00427064,"PROVO BYU, UT US",40.2458,-111.6508,1392.9,7/6/2018,,9.7,,19.4,37.8,0,0,0,,40,19.4,37.8,,,,,,,
USC00427064,"PROVO BYU, UT US",40.2458,-111.6508,1392.9,7/7/2018,,7.6,,21.7,37.2,0,0,0,,38.9,21.1,34.4,,,,,,,
USC00427064,"PROVO BYU, UT US",40.2458,-111.6508,1392.9,7/8/2018,,11.4,,21.1,37.8,0,0,0,,39.4,20.6,34.4,,,,,,,
USC00427064,"PROVO BYU, UT US",40.2458,-111.6508,1392.9,7/9/2018,,4.8,,21.1,37.8,0.8,0,0,,38.3,20,36.1,,,,,,,
USC00427064,"PROVO BYU, UT US",40.2458,-111.6508,1392.9,7/10/2018,,9.4,,21.7,36.7,0,0,0,,38.3,21.1,37.8,,,,,,,
USC00427064,"PROVO BYU, UT US",40.2458,-111.6508,1392.9,7/11/2018,,8.9,,21.7,36.7,0,0,0,,38.3,21.1,31.7,,,,,,,
USC00427064,"PROVO BYU, UT US",40.2458,-111.6508,1392.9,7/12/2018,,9.1,,21.7,37.2,0,0,0,,36.1,21.1,33.9,,,,,,,
USC00427064,"PROVO BYU, UT US",40.2458,-111.6508,1392.9,7/13/2018,,9.9,,,,0,0,0,,37.2,18.9,34.4,,,,,,,
USC00427064,"PROVO BYU, UT US",40.2458,-111.6508,1392.9,7/14/2018,,6.6,,22.8,35,0,0,0,,34.4,17.8,28.9,,,,,,,
USC00427064,"PROVO BYU, UT US",40.2458,-111.6508,1392.9,7/15/2018,,7.6,,20,36.1,0,0,0,,36.7,17.8,36.7,,,,,,,
USC00427064,"PROVO BYU, UT US",40.2458,-111.6508,1392.9,7/16/2018,,7.4,,20.6,37.2,0,0,0,,37.2,20.6,36.7,,,,,,,
USC00427064,"PROVO BYU, UT US",40.2458,-111.6508,1392.9,7/17/2018,,8.9,,21.1,36.1,2.8,0,0,,36.7,20,35,,,,,,,
USC00427064,"PROVO BYU, UT US",40.2458,-111.6508,1392.9,7/18/2018,,10.4,,20.6,37.2,0,0,0,,37.2,19.4,36.7,,,,,,,
USC00427064,"PROVO BYU, UT US",40.2458,-111.6508,1392.9,7/19/2018,,8.6,,21.1,36.7,0,0,0,,38.3,20,34.4,,,,,,,
USC00427064,"PROVO BYU, UT US",40.2458,-111.6508,1392.9,7/20/2018,,6.1,,21.1,34.4,0,0,0,,36.1,21.1,33.9,,,,,,,
USC00427064,"PROVO BYU, UT US",40.2458,-111.6508,1392.9,7/21/2018,,8.1,,21.7,37.2,0,0,0,,38.9,21.1,35,,,,,,,
USC00427064,"PROVO BYU, UT US",40.2458,-111.6508,1392.9,7/22/2018,,7.1,,21.7,35.6,7.1,0,0,,35,20,31.1,,,,,,,
USC00427064,"PROVO BYU, UT US",40.2458,-111.6508,1392.9,7/23/2018,,8.6,,21.1,36.7,0,0,0,,36.1,19.4,35.6,,,,,,,
USC00427064,"PROVO BYU, UT US",40.2458,-111.6508,1392.9,7/24/2018,,7.4,,20.6,36.7,0,0,0,,38.3,18.9,37.2,,,,,,,
USC00427064,"PROVO BYU, UT US",40.2458,-111.6508,1392.9,7/25/2018,,9.1,,22.2,35.6,0,0,0,,37.8,21.7,36.7,,,,,,,
USC00427064,"PROVO BYU, UT US",40.2458,-111.6508,1392.9,7/26/2018,,8.9,,21.1,35.6,0,0,0,,37.2,20,33.9,,,,,,,
USC00427064,"PROVO BYU, UT US",40.2458,-111.6508,1392.9,7/27/2018,,7.6,,33.9,35,0,0,0,,38.3,19.4,36.1,,,,,,,
USC00427064,"PROVO BYU, UT US",40.2458,-111.6508,1392.9,7/28/2018,,7.6,,21.1,35,0,0,0,,37.2,20.6,36.1,,,,,,,
USC00427064,"PROVO BYU, UT US",40.2458,-111.6508,1392.9,7/29/2018,,7.4,,20,33.9,0,0,0,,36.7,17.8,33.9,,,,,,,
USC00427064,"PROVO BYU, UT US",40.2458,-111.6508,1392.9,7/30/2018,,8.1,,17.8,34.4,0,0,0,,36.7,16.1,36.1,,,,,,,
USC00427064,"PROVO BYU, UT US",40.2458,-111.6508,1392.9,7/31/2018,,7.1,,17.8,34.4,0,0,0,,37.8,16.1,34.4,,,,,,,
USC00427064,"PROVO BYU, UT US",40.2458,-111.6508,1392.9,8/1/2018,,7.6,,21.7,33.3,0,0,0,,36.1,22.2,35,,,,,,,
USC00427064,"PROVO BYU, UT US",40.2458,-111.6508,1392.9,8/2/2018,,4.8,,21.7,32.2,0,0,0,,35,21.7,32.8,,,,,,,
USC00427064,"PROVO BYU, UT US",40.2458,-111.6508,1392.9,8/3/2018,,6.1,,20.6,33.3,0,0,0,,34.4,20,33.9,,,,,,,
USC00427064,"PROVO BYU, UT US",40.2458,-111.6508,1392.9,8/4/2018,,6.4,,20,35,0,0,0,,36.1,17.8,32.2,,,,,,,
USC00427064,"PROVO BYU, UT US",40.2458,-111.6508,1392.9,8/5/2018,,6.1,,20,33.9,0.3,0,0,,33.3,18.9,32.8,,,,,,,
USC00427064,"PROVO BYU, UT US",40.2458,-111.6508,1392.9,8/6/2018,,7.1,,17.2,32.8,0,0,0,,33.9,14.4,33.3,,,,,,,
USC00427064,"PROVO BYU, UT US",40.2458,-111.6508,1392.9,8/7/2018,,7.1,,17.8,33.9,0,0,0,,35,14.4,33.3,,,,,,,
USC00427064,"PROVO BYU, UT US",40.2458,-111.6508,1392.9,8/8/2018,,7.4,,17.8,34.4,0,0,0,,36.7,15,35,,,,,,,
USC00427064,"PROVO BYU, UT US",40.2458,-111.6508,1392.9,8/9/2018,,4.6,,17.2,34.4,0,0,0,,37.8,16.1,37.2,,,,,,,
USC00427064,"PROVO BYU, UT US",40.2458,-111.6508,1392.9,8/10/2018,,8.4,,18.9,33.9,0,0,0,,37.2,18.9,35,,,,,,,
USC00427064,"PROVO BYU, UT US",40.2458,-111.6508,1392.9,8/11/2018,,8.1,,21.1,33.3,0,0,0,,37.2,18.3,36.1,,,,,,,
USC00427064,"PROVO BYU, UT US",40.2458,-111.6508,1392.9,8/12/2018,,7.6,,19.4,35.6,0,0,0,,37.8,20,34.4,,,,,,,
USC00427064,"PROVO BYU, UT US",40.2458,-111.6508,1392.9,8/13/2018,,7.9,,20.6,33.9,0,0,0,,36.1,20,34.4,,,,,,,
USC00427064,"PROVO BYU, UT US",40.2458,-111.6508,1392.9,8/14/2018,,6.9,,21.1,33.3,0,0,0,,34.4,20.6,30,,,,,,,
USC00427064,"PROVO BYU, UT US",40.2458,-111.6508,1392.9,8/15/2018,,6.1,,18.9,30,0,0,0,,33.3,17.2,33.3,,,,,,,
USC00427064,"PROVO BYU, UT US",40.2458,-111.6508,1392.9,8/16/2018,,8.1,,20,35,0,0,0,,34.4,18.3,33.9,,,,,,,
USC00427064,"PROVO BYU, UT US",40.2458,-111.6508,1392.9,8/17/2018,,3.8,,20.6,33.9,0,0,0,,35,18.9,33.3,,,,,,,
USC00427064,"PROVO BYU, UT US",40.2458,-111.6508,1392.9,8/18/2018,,6.1,,18.3,32.8,0.5,0,0,,33.3,16.1,30,,,,,,,
USC00427064,"PROVO BYU, UT US",40.2458,-111.6508,1392.9,8/19/2018,,5.6,,16.7,32.8,0,0,0,,32.8,13.9,31.7,,,,,,,
USC00427064,"PROVO BYU, UT US",40.2458,-111.6508,1392.9,8/20/2018,,5.6,,17.8,31.7,0,0,0,,34.4,15.6,31.7,,,,1,,,
USC00427064,"PROVO BYU, UT US",40.2458,-111.6508,1392.9,8/21/2018,,4.1,,18.3,32.2,1.5,0,0,,31.7,16.7,26.7,,,,1,,,
USC00427064,"PROVO BYU, UT US",40.2458,-111.6508,1392.9,8/22/2018,,6.4,,19.4,31.1,3.6,0,0,,28.3,18.3,25,,,,,,,
USC00427064,"PROVO BYU, UT US",40.2458,-111.6508,1392.9,8/23/2018,,3.8,,15.6,30,7.6,0,0,,31.1,12.8,30,,,,,,,
USC00427064,"PROVO BYU, UT US",40.2458,-111.6508,1392.9,8/24/2018,,7.4,,17.2,32.2,0,0,0,,34.4,15.6,33.3,,,,,,,
USC00427064,"PROVO BYU, UT US",40.2458,-111.6508,1392.9,8/25/2018,,5.3,,18.9,33.9,0,0,0,,35,17.8,32.8,,,,,,,
USC00427064,"PROVO BYU, UT US",40.2458,-111.6508,1392.9,8/26/2018,,9.4,,17.8,31.7,0,0,0,,33.3,18.9,27.8,,,,,,,
USC00427064,"PROVO BYU, UT US",40.2458,-111.6508,1392.9,8/27/2018,,5.1,,18.9,31.1,0,0,0,,28.3,19.4,26.7,,,,,,,
USC00427064,"PROVO BYU, UT US",40.2458,-111.6508,1392.9,8/28/2018,,6.6,,15,30,0,0,0,,27.2,12.8,26.7,,,,,,,
USC00427064,"PROVO BYU, UT US",40.2458,-111.6508,1392.9,8/29/2018,,6.4,,15.6,30.6,0,0,0,,32.2,12.2,29.4,,,,,,,
USC00427064,"PROVO BYU, UT US",40.2458,-111.6508,1392.9,8/30/2018,,5.8,,17.2,29.4,0,0,0,,32.8,16.1,30.6,,,,,,,
USC00427064,"PROVO BYU, UT US",40.2458,-111.6508,1392.9,8/31/2018,,7.4,,16.7,32.2,0,0,0,,32.8,16.1,31.7,,,,,,,
USC00427064,"PROVO BYU, UT US",40.2458,-111.6508,1392.9,9/1/2018,,4.6,,16.7,31.1,0,0,0,,31.7,18.9,30,,,,,,,
USC00427064,"PROVO BYU, UT US",40.2458,-111.6508,1392.9,9/2/2018,,6.9,,15.6,31.1,0,0,0,,32.2,12.2,30.6,,,,,,,
USC00427064,"PROVO BYU, UT US",40.2458,-111.6508,1392.9,9/3/2018,,7.9,,15.6,31.7,0,0,0,,33.3,12.8,31.7,,,,,,,
USC00427064,"PROVO BYU, UT US",40.2458,-111.6508,1392.9,9/4/2018,,3.3,,16.7,30,0,0,0,,31.7,13.9,29.4,,,,,,,
USC00427064,"PROVO BYU, UT US",40.2458,-111.6508,1392.9,9/5/2018,,7.6,,16.1,31.1,0,0,0,,32.8,13.3,29.4,,,,,,,
USC00427064,"PROVO BYU, UT US",40.2458,-111.6508,1392.9,9/6/2018,,4.3,,17.2,30.6,0,0,0,,32.8,15,30.6,,,,,,,
USC00427064,"PROVO BYU, UT US",40.2458,-111.6508,1392.9,9/7/2018,,7.6,,17.2,32.2,0,0,0,,33.3,15.6,31.7,,,,,,,
USC00427064,"PROVO BYU, UT US",40.2458,-111.6508,1392.9,9/8/2018,,4.6,,17.8,30,0,0,0,,33.9,15.6,29.4,,,,,,,
USC00427064,"PROVO BYU, UT US",40.2458,-111.6508,1392.9,9/9/2018,,4.3,,16.7,31.1,0,0,0,,32.8,14.4,31.7,,,,,,,
USC00427064,"PROVO BYU, UT US",40.2458,-111.6508,1392.9,9/10/2018,,5.8,,16.1,31.1,0,0,0,,35.6,13.9,33.9,,,,,,,
USC00427064,"PROVO BYU, UT US",40.2458,-111.6508,1392.9,9/11/2018,,6.1,,16.7,31.1,0,0,0,,34.4,15.6,33.9,,,,,,,
USC00427064,"PROVO BYU, UT US",40.2458,-111.6508,1392.9,9/12/2018,,6.6,,16.1,30,0,0,0,,34.4,17.8,30.6,,,,,,,
USC00427064,"PROVO BYU, UT US",40.2458,-111.6508,1392.9,9/13/2018,,6.9,,15,28.9,0,0,0,,31.1,17.2,29.4,,,,,,,
USC00427064,"PROVO BYU, UT US",40.2458,-111.6508,1392.9,9/14/2018,,6.4,,13.9,28.9,0,0,0,,32.2,14.4,21.1,,,,,,,
USC00427064,"PROVO BYU, UT US",40.2458,-111.6508,1392.9,9/15/2018,,12.2,,14.4,27.8,0,0,0,,34.4,12.8,30.6,,,,,,,
USC00427064,"PROVO BYU, UT US",40.2458,-111.6508,1392.9,9/16/2018,,8.1,,16.7,30,0,0,0,,33.9,17.8,33.3,,,,,,,
USC00427064,"PROVO BYU, UT US",40.2458,-111.6508,1392.9,9/17/2018,,5.8,,17.8,31.7,0,0,0,,33.3,17.2,31.1,,,,,,,
USC00427064,"PROVO BYU, UT US",40.2458,-111.6508,1392.9,9/18/2018,,7.1,,16.7,29.4,0,0,0,,32.2,13.9,23.3,,,,,,,
USC00427064,"PROVO BYU, UT US",40.2458,-111.6508,1392.9,9/19/2018,,3.6,,13.9,27.8,0,0,0,,31.7,11.1,30,,,,,,,
USC00427064,"PROVO BYU, UT US",40.2458,-111.6508,1392.9,9/20/2018,,3,,13.3,26.7,0,0,0,,30,11.1,22.8,,,,,,,
USC00427064,"PROVO BYU, UT US",40.2458,-111.6508,1392.9,9/21/2018,,5.3,,11.1,26.1,0,0,0,,29.4,7.8,27.2,,,,,,,
USC00427064,"PROVO BYU, UT US",40.2458,-111.6508,1392.9,9/22/2018,,7.6,,12.2,27.2,0,0,0,,31.1,9.4,29.4,,,,,,,
USC00427064,"PROVO BYU, UT US",40.2458,-111.6508,1392.9,9/23/2018,,3.6,,15.6,25.6,0,0,0,,29.4,13.3,25.6,,,,,,,
USC00427064,"PROVO BYU, UT US",40.2458,-111.6508,1392.9,9/24/2018,,5.8,,13.9,26.7,0,0,0,,25.6,12.2,22.8,,,,,,,
USC00427064,"PROVO BYU, UT US",40.2458,-111.6508,1392.9,9/25/2018,,3,,10.6,23.9,0,0,0,,23.3,6.1,21.7,,,,,,,
USC00427064,"PROVO BYU, UT US",40.2458,-111.6508,1392.9,9/26/2018,,3.6,,10,23.9,0,0,0,,23.9,5.6,22.2,,,,,,,
USC00427064,"PROVO BYU, UT US",40.2458,-111.6508,1392.9,9/27/2018,,3,,10.6,25,0,0,0,,27.2,6.1,26.7,,,,,,,
USC00427064,"PROVO BYU, UT US",40.2458,-111.6508,1392.9,9/28/2018,,4.1,,11.7,25.6,0,0,0,,30.6,7.2,26.7,,,,,,,
USC00427064,"PROVO BYU, UT US",40.2458,-111.6508,1392.9,9/29/2018,,4.6,,13.9,26.1,0,0,0,,31.7,12.2,28.9,,,,,,,
USC00427064,"PROVO BYU, UT US",40.2458,-111.6508,1392.9,9/30/2018,,4.8,,16.1,25,0,0,0,,28.9,17.2,25,,,,,,,
USC00427064,"PROVO BYU, UT US",40.2458,-111.6508,1392.9,10/1/2018,,7.6,,13.3,25,0,0,0,,27.2,10.6,25.6,,,,,,,
USC00427064,"PROVO BYU, UT US",40.2458,-111.6508,1392.9,10/2/2018,,3,,17.2,24.4,0,0,0,,26.7,15,22.8,,,,,,,
USC00427064,"PROVO BYU, UT US",40.2458,-111.6508,1392.9,10/3/2018,,0.8,,20,23.9,8.6,0,0,,23.9,12.8,21.1,,,,,,,
USC00427064,"PROVO BYU, UT US",40.2458,-111.6508,1392.9,10/4/2018,,0,,15.6,22.8,6.4,0,0,,22.2,12.2,17.8,,,,,,,
USC00427064,"PROVO BYU, UT US",40.2458,-111.6508,1392.9,10/5/2018,,,,,,22.6,0,0,,17.8,7.8,14.4,,,,,,,
USC00427064,"PROVO BYU, UT US",40.2458,-111.6508,1392.9,10/6/2018,,,,,,0,0,0,,14.4,6.7,12.2,,,,,,,
USC00427064,"PROVO BYU, UT US",40.2458,-111.6508,1392.9,10/7/2018,,,,,,4.3,0,0,,12.2,7.2,10,,,,,,,
USC00427064,"PROVO BYU, UT US",40.2458,-111.6508,1392.9,10/8/2018,,,,,,0,0,0,,11.7,6.7,11.1,,,,,,,
USC00427064,"PROVO BYU, UT US",40.2458,-111.6508,1392.9,10/9/2018,,,,,,0,0,0,,16.7,2.8,13.9,,,,,,,
USC00427064,"PROVO BYU, UT US",40.2458,-111.6508,1392.9,10/10/2018,,,,,,30.5,0,0,,13.9,5,10,,,,,,,
USC00427064,"PROVO BYU, UT US",40.2458,-111.6508,1392.9,10/11/2018,,,,,,0,0,0,,15.6,4.4,11.1,,,,1,,,
USC00427064,"PROVO BYU, UT US",40.2458,-111.6508,1392.9,10/12/2018,,,,,,0,0,0,,16.1,2.8,12.8,,,,,,,
USC00427064,"PROVO BYU, UT US",40.2458,-111.6508,1392.9,10/13/2018,,,,,,0,0,0,,18.9,2.2,15,,,,,,,
USC00427064,"PROVO BYU, UT US",40.2458,-111.6508,1392.9,10/14/2018,,,,,,0,0,0,,15,2.2,7.2,,,,,,,
USC00427064,"PROVO BYU, UT US",40.2458,-111.6508,1392.9,10/15/2018,,,,,,0,0,0,,11.7,-2.8,8.9,,,,,,,
USC00427064,"PROVO BYU, UT US",40.2458,-111.6508,1392.9,10/16/2018,,,,,,0,0,0,,17.2,-0.6,12.8,,,,,,,
USC00427064,"PROVO BYU, UT US",40.2458,-111.6508,1392.9,10/17/2018,,,,,,0,0,0,,18.3,2.8,15,,,,,,,
USC00427064,"PROVO BYU, UT US",40.2458,-111.6508,1392.9,10/18/2018,,,,,,0,0,0,,17.2,4.4,13.9,,,,,,,
USC00427064,"PROVO BYU, UT US",40.2458,-111.6508,1392.9,10/19/2018,,,,,,0,0,0,,16.7,2.8,15,,,,,,,
USC00427064,"PROVO BYU, UT US",40.2458,-111.6508,1392.9,10/20/2018,,,,,,0,0,0,,22.8,3.3,16.7,,,,,,,
USC00427064,"PROVO BYU, UT US",40.2458,-111.6508,1392.9,10/21/2018,,,,,,0,0,0,,21.7,6.1,15.6,,,,,,,
USC00427064,"PROVO BYU, UT US",40.2458,-111.6508,1392.9,10/22/2018,,,,,,0,0,0,,19.4,6.1,15,,,,,,,
USC00427064,"PROVO BYU, UT US",40.2458,-111.6508,1392.9,10/23/2018,,,,,,0.5,0,0,,21.1,6.7,17.8,,,,,,,
USC00427064,"PROVO BYU, UT US",40.2458,-111.6508,1392.9,10/24/2018,,,,,,0,0,0,,20.6,5,16.1,,,,,,,
USC00427064,"PROVO BYU, UT US",40.2458,-111.6508,1392.9,10/25/2018,,,,,,0,0,0,,16.1,7.8,12.8,,,,,,,
USC00427064,"PROVO BYU, UT US",40.2458,-111.6508,1392.9,10/26/2018,,,,,,0,0,0,,18.9,2.8,13.3,,,,,,,
USC00427064,"PROVO BYU, UT US",40.2458,-111.6508,1392.9,10/27/2018,,,,,,0,0,0,,23.9,4.4,19.4,,,,,,,
USC00427064,"PROVO BYU, UT US",40.2458,-111.6508,1392.9,10/28/2018,,,,,,0,0,0,,24.4,5.6,18.9,,,,,,,
USC00427064,"PROVO BYU, UT US",40.2458,-111.6508,1392.9,10/29/2018,,,,,,0,0,0,,20,10.6,12.8,,,,,,,
USC00427064,"PROVO BYU, UT US",40.2458,-111.6508,1392.9,10/30/2018,,,,,,0,0,0,,12.8,2.2,8.3,,,,,,,
USC00427064,"PROVO BYU, UT US",40.2458,-111.6508,1392.9,10/31/2018,,,,,,0,0,0,,10,-1.1,8.3,,,,,,,
USC00427064,"PROVO BYU, UT US",40.2458,-111.6508,1392.9,11/1/2018,,,,,,0.8,0,0,,8.3,5,6.7,,,,,,,
USC00427064,"PROVO BYU, UT US",40.2458,-111.6508,1392.9,11/2/2018,,,,,,0.5,0,0,,17.8,6.1,16.1,,,,,,,
USC00427064,"PROVO BYU, UT US",40.2458,-111.6508,1392.9,11/3/2018,,,,,,0.3,0,0,,17.2,5,9.4,,,,,,,
USC00427064,"PROVO BYU, UT US",40.2458,-111.6508,1392.9,11/4/2018,,,,,,0,0,0,,11.1,1.7,10.6,,,,,,,
USC00427064,"PROVO BYU, UT US",40.2458,-111.6508,1392.9,11/5/2018,,,,,,0,0,0,,13.9,2.2,10,,,,,,,
USC00427064,"PROVO BYU, UT US",40.2458,-111.6508,1392.9,11/6/2018,,,,,,0,0,0,,11.1,-0.6,7.2,,,,,,,
USC00427064,"PROVO BYU, UT US",40.2458,-111.6508,1392.9,11/7/2018,,,,,,0,0,0,,11.1,-3.3,7.8,,,,,,,
USC00427064,"PROVO BYU, UT US",40.2458,-111.6508,1392.9,11/8/2018,,,,,,0,0,0,,8.3,-3.9,2.8,,,,,,,
USC00427064,"PROVO BYU, UT US",40.2458,-111.6508,1392.9,11/9/2018,,,,,,0,0,0,,8.3,-5.6,3.9,,,,,,,
USC00427064,"PROVO BYU, UT US",40.2458,-111.6508,1392.9,11/10/2018,,,,,,0,0,0,,11.1,-2.2,7.8,,,,,,,
USC00427064,"PROVO BYU, UT US",40.2458,-111.6508,1392.9,11/11/2018,,,,,,0,0,0,,7.8,-1.1,2.2,,,,,,,
USC00427064,"PROVO BYU, UT US",40.2458,-111.6508,1392.9,11/12/2018,,,,,,0,0,0,,6.1,-5.6,2.8,,,,,,,
USC00427064,"PROVO BYU, UT US",40.2458,-111.6508,1392.9,11/13/2018,,,,,,0,0,0,,7.2,-6.1,0,,,,,,,
USC00427064,"PROVO BYU, UT US",40.2458,-111.6508,1392.9,11/14/2018,,,,,,0,0,0,,11.7,-4.4,5.6,,,,,,,
USC00427064,"PROVO BYU, UT US",40.2458,-111.6508,1392.9,11/15/2018,,,,,,0,0,0,,11.7,-3.9,5.6,,,,,,,
USC00427064,"PROVO BYU, UT US",40.2458,-111.6508,1392.9,11/16/2018,,,,,,0,0,0,,13.3,-2.2,9.4,,,,,,,
USC00427064,"PROVO BYU, UT US",40.2458,-111.6508,1392.9,11/17/2018,,,,,,0,0,0,,9.4,-2.2,4.4,,,,,,,
USC00427064,"PROVO BYU, UT US",40.2458,-111.6508,1392.9,11/18/2018,,,,,,0,0,0,,8.3,-3.3,5,,,,,,,
USC00427064,"PROVO BYU, UT US",40.2458,-111.6508,1392.9,11/19/2018,,,,,,0,0,0,,8.3,-6.7,3.9,,,,,,,
USC00427064,"PROVO BYU, UT US",40.2458,-111.6508,1392.9,11/20/2018,,,,,,0,0,0,,10,-6.1,-0.6,,,,,,,
USC00427064,"PROVO BYU, UT US",40.2458,-111.6508,1392.9,11/21/2018,,,,,,0,0,0,,12.2,-6.1,6.1,,,,,,,
USC00427064,"PROVO BYU, UT US",40.2458,-111.6508,1392.9,11/22/2018,,,,,,10.2,0,0,,9.4,2.2,3.3,,,,,,,
USC00427064,"PROVO BYU, UT US",40.2458,-111.6508,1392.9,11/23/2018,,,,,,0,0,0,,13.3,2.8,11.1,,,,,,,
USC00427064,"PROVO BYU, UT US",40.2458,-111.6508,1392.9,11/24/2018,,,,,,7.6,0,0,,11.1,1.1,2.8,,,,,,,
USC00427064,"PROVO BYU, UT US",40.2458,-111.6508,1392.9,11/25/2018,,,,,,0,0,0,,5.6,-5.6,1.7,,,,,,,
USC00427064,"PROVO BYU, UT US",40.2458,-111.6508,1392.9,11/26/2018,,,,,,0,0,0,,6.1,-6.7,1.1,,,,,,,
USC00427064,"PROVO BYU, UT US",40.2458,-111.6508,1392.9,11/27/2018,,,,,,0,0,0,,9.4,-3.9,6.7,,,,,,,
USC00427064,"PROVO BYU, UT US",40.2458,-111.6508,1392.9,11/28/2018,,,,,,1.5,0,0,,8.3,3.9,5,,,,,,,
USC00427064,"PROVO BYU, UT US",40.2458,-111.6508,1392.9,11/29/2018,,,,,,8.9,0,0,,5.6,1.1,5,,,,,,,
USC00427064,"PROVO BYU, UT US",40.2458,-111.6508,1392.9,11/30/2018,,,,,,11.4,0,0,,7.2,3.3,5,,,,,,,
